Title,Links,Publication Date
В Москве загорелся ангар на территории завода,https://tass.ru/proisshestviya/17146091,"Sun, 26 Feb 2023 23:08:59 +0300"
"Кадыров: бойцы спецназа ""Ахмат"" прошли курсы по управлению квадрокоптерами",https://tass.ru/armiya-i-opk/17146089,"Sun, 26 Feb 2023 23:08:14 +0300"
Словения намерена развивать экономические отношения с Австрией,https://tass.ru/mezhdunarodnaya-panorama/17146087,"Sun, 26 Feb 2023 22:38:46 +0300"
СМИ: десятки палестинцев пострадали в стычках с израильтянами на Западном берегу,https://tass.ru/mezhdunarodnaya-panorama/17146073,"Sun, 26 Feb 2023 22:28:49 +0300"
AP: в Шри-Ланке в результате акций протеста пострадали 15 человек,https://tass.ru/obschestvo/17146041,"Sun, 26 Feb 2023 22:28:02 +0300"
Белый дом приветствовал договоренности израильтян и палестинцев о предотвращении эскалации,https://tass.ru/mezhdunarodnaya-panorama/17146065,"Sun, 26 Feb 2023 22:25:51 +0300"
Посол РФ: поставка ФРГ танков Украине переведет конфликт на новый уровень эскалации,https://tass.ru/politika/17146045,"Sun, 26 Feb 2023 22:24:31 +0300"
В Белоруссии планируют в 2023 году нарастить экспорт промышленной продукции в РФ на 10%,https://tass.ru/ekonomika/17146055,"Sun, 26 Feb 2023 22:22:26 +0300"
Двое сирийских военных погибли в результате обстрела со стороны боевиков,https://tass.ru/armiya-i-opk/17146021,"Sun, 26 Feb 2023 22:04:26 +0300"
Папуа - Новая Гвинея откроет посольство в Израиле,https://tass.ru/mezhdunarodnaya-panorama/17146031,"Sun, 26 Feb 2023 22:02:20 +0300"
"Боррель заявил, что Евросоюз изучит план Китая по Украине",https://tass.ru/mezhdunarodnaya-panorama/17146001,"Sun, 26 Feb 2023 21:56:12 +0300"
В Бразилии поприветствовали инициативу КНР по Украине,https://tass.ru/mezhdunarodnaya-panorama/17145973,"Sun, 26 Feb 2023 21:36:47 +0300"
ФРГ закажет самоходные артиллерийские установки к концу марта для пополнения запасов ВС,https://tass.ru/mezhdunarodnaya-panorama/17145949,"Sun, 26 Feb 2023 21:34:12 +0300"
"Футболисты ""Манчестер Юнайтед"" стали обладателями Кубка английской лиги",https://tass.ru/sport/17145965,"Sun, 26 Feb 2023 21:30:46 +0300"
В Белоруссии опровергли информацию о перестрелке на границе с Украиной,https://tass.ru/mezhdunarodnaya-panorama/17145959,"Sun, 26 Feb 2023 21:29:05 +0300"
"Экс-госсекретарь США призвала не считать, что в ситуации на Украине время на стороне Киева",https://tass.ru/mezhdunarodnaya-panorama/17145909,"Sun, 26 Feb 2023 21:28:31 +0300"
Экс-глава МИД Югославии: ЕС ультимативно призвал Сербию признать независимость Косова,https://tass.ru/mezhdunarodnaya-panorama/17145899,"Sun, 26 Feb 2023 21:12:38 +0300"
В Петропавловской крепости Масленицу встретили блинным пирогом,https://tass.ru/v-strane/17145827,"Sun, 26 Feb 2023 21:11:01 +0300"
В России в 2022 году почти 50 уголовных дел возбудили за дебоши в аэропортах и самолетах,https://tass.ru/obschestvo/17145873,"Sun, 26 Feb 2023 21:09:51 +0300"
Женщина пострадала в ходе конфликта со стрельбой на трассе в Подмосковье,https://tass.ru/proisshestviya/17145833,"Sun, 26 Feb 2023 21:08:07 +0300"
Визит саудовского министра в Киев и новые санкции ЕС. Ситуация вокруг Украины,https://tass.ru/mezhdunarodnaya-panorama/17145721,"Sun, 26 Feb 2023 21:07:03 +0300"
В Таджикистане три человека погибли в результате схода лавины,https://tass.ru/proisshestviya/17145839,"Sun, 26 Feb 2023 21:06:51 +0300"
"Регулярный чемпионат КХЛ завершился победой СКА и неудачей ""Спартака""",https://tass.ru/sport/17145881,"Sun, 26 Feb 2023 21:06:50 +0300"
Арабский парламентский союз выступил за восстановление региональной роли Сирии,https://tass.ru/mezhdunarodnaya-panorama/17145813,"Sun, 26 Feb 2023 21:05:30 +0300"
В Тунисе состоялись праздничные гуляния по случаю Масленицы,https://tass.ru/obschestvo/17145847,"Sun, 26 Feb 2023 21:03:50 +0300"
Глава МИД Египта 27 февраля посетит Сирию и Турцию впервые за десятилетие,https://tass.ru/mezhdunarodnaya-panorama/17145819,"Sun, 26 Feb 2023 21:01:34 +0300"
"Нагорных заявил, что ""Локомотив"" не ведет переговоры о покупке других футбольных клубов",https://tass.ru/sport/17145865,"Sun, 26 Feb 2023 21:01:32 +0300"
СК возбудил дело после массового ДТП в Новгородской области,https://tass.ru/proisshestviya/17145857,"Sun, 26 Feb 2023 21:00:24 +0300"
"В Дзержинске объявили победителей первого фестиваля отечественного кино ""Черноречье фест""",https://tass.ru/kultura/17145793,"Sun, 26 Feb 2023 20:59:52 +0300"
СМИ: число жертв последствий ливней в Бразилии превысило 60,https://tass.ru/proisshestviya/17145755,"Sun, 26 Feb 2023 20:59:18 +0300"
"Хохлачев считает, что в ""Спартаке"" по ходу сезона не было равнодушных хоккеистов",https://tass.ru/sport/17145837,"Sun, 26 Feb 2023 20:55:21 +0300"
"В Запорожской области сообщили, что ВСУ обстреляли колледж в Васильевке",https://tass.ru/proisshestviya/17145799,"Sun, 26 Feb 2023 20:50:49 +0300"
"Обладатель Кубка Стэнли Иван Барбашев перешел в ""Вегас""",https://tass.ru/sport/17145807,"Sun, 26 Feb 2023 20:48:29 +0300"
"Зеленский заявил, что подписал указы о введении новых санкций против россиян",https://tass.ru/ekonomika/17145765,"Sun, 26 Feb 2023 20:47:22 +0300"
"В Петербурге возбудили уголовное дело о хулиганстве в ТРК ""Галерея""",https://tass.ru/proisshestviya/17145773,"Sun, 26 Feb 2023 20:43:24 +0300"
"Заварухин считает, что в невыходе ""Спартака"" в плей-офф виноваты и тренеры, и хоккеисты",https://tass.ru/sport/17145753,"Sun, 26 Feb 2023 20:38:43 +0300"
Премьер Британии и глава ЕК встретятся 27 февраля для завершения новой сделки по Brexit,https://tass.ru/mezhdunarodnaya-panorama/17145747,"Sun, 26 Feb 2023 20:35:49 +0300"
В Париже прошла манифестация против поставок оружия Киеву и за выход Франции из НАТО,https://tass.ru/obschestvo/17145739,"Sun, 26 Feb 2023 20:33:59 +0300"
Nokia представила новую стратегию и логотип компании,https://tass.ru/ekonomika/17145713,"Sun, 26 Feb 2023 20:28:44 +0300"
В Брюсселе прошла акция за дипломатическое урегулирование конфликта на Украине,https://tass.ru/mezhdunarodnaya-panorama/17145687,"Sun, 26 Feb 2023 20:26:24 +0300"
Экс-госсекретарь США Райс выразила сомнения по поводу шансов Украины на вступление в НАТО,https://tass.ru/mezhdunarodnaya-panorama/17145671,"Sun, 26 Feb 2023 20:20:26 +0300"
В Турции требуют принять меры из-за призывов футбольных фанатов к отставке правительства,https://tass.ru/mezhdunarodnaya-panorama/17145627,"Sun, 26 Feb 2023 20:17:17 +0300"
Лидеры ЕС потребовали от Белграда и Приштины быстрого решения по переговорам,https://tass.ru/mezhdunarodnaya-panorama/17145633,"Sun, 26 Feb 2023 20:12:55 +0300"
Мирзиёев заявил о готовности Узбекистана поддержать пострадавшую от землетрясения Турцию,https://tass.ru/mezhdunarodnaya-panorama/17145555,"Sun, 26 Feb 2023 20:12:00 +0300"
"Правозащитник считает, что ЕС не должен включать в свои ряды Киев",https://tass.ru/mezhdunarodnaya-panorama/17145611,"Sun, 26 Feb 2023 20:06:30 +0300"
СМИ: в Нагорном Карабахе с 27 февраля возобновят работу детские сады,https://tass.ru/mezhdunarodnaya-panorama/17145577,"Sun, 26 Feb 2023 19:57:28 +0300"
В Москве восстановили движение по внешней стороне ТТК,https://tass.ru/proisshestviya/17145583,"Sun, 26 Feb 2023 19:55:30 +0300"
В Республике Сербской из-за снегопада без электричества остались свыше 1 тыс. домохозяйств,https://tass.ru/obschestvo/17145465,"Sun, 26 Feb 2023 19:54:43 +0300"
Определились все пары плей-офф Континентальной хоккейной лиги,https://tass.ru/sport/17145591,"Sun, 26 Feb 2023 19:53:19 +0300"
Минобороны РФ сообщило об эвакуации из Нагорного Карабаха почти 50 иностранных граждан,https://tass.ru/armiya-i-opk/17145569,"Sun, 26 Feb 2023 19:51:37 +0300"
"В Минфине заявили, что санкции ЕС не отразятся на инвестициях и доступности средств ФНБ",https://tass.ru/ekonomika/17145537,"Sun, 26 Feb 2023 19:48:25 +0300"
"Шмыгаль исключил возможность примирения Украины и России ""в ближайшие 100 лет""",https://tass.ru/mezhdunarodnaya-panorama/17145561,"Sun, 26 Feb 2023 19:47:01 +0300"
"Московское ""Динамо"" победило ""Спартак"" в заключительном матче регулярного чемпионата КХЛ",https://tass.ru/sport/17145543,"Sun, 26 Feb 2023 19:43:59 +0300"
Фонд Кадырова направил гуманитарную помощь жителям пяти горных населенных пунктов Сирии,https://tass.ru/obschestvo/17145523,"Sun, 26 Feb 2023 19:42:15 +0300"
"Израиль и палестинцы договорились прекратить односторонние шаги, ведущие к эскалации",https://tass.ru/mezhdunarodnaya-panorama/17145501,"Sun, 26 Feb 2023 19:36:22 +0300"
"""Синара"" в третий раз стала обладателем Кубка России по мини-футболу",https://tass.ru/sport/17145477,"Sun, 26 Feb 2023 19:26:29 +0300"
"В Белом доме полагают, что мирный план КНР не учитывает позицию Украины",https://tass.ru/mezhdunarodnaya-panorama/17145455,"Sun, 26 Feb 2023 19:21:38 +0300"
На востоке Мексики в результате пожара на НПЗ погибли два человека,https://tass.ru/proisshestviya/17145443,"Sun, 26 Feb 2023 19:21:18 +0300"
В Ленинградской области ликвидировали пожар на складе бытовой химии,https://tass.ru/proisshestviya/17145403,"Sun, 26 Feb 2023 19:14:04 +0300"
"""Тинькофф инвестиции"" приостановят торги евро с 27 февраля",https://tass.ru/ekonomika/17145437,"Sun, 26 Feb 2023 19:13:33 +0300"
"На Украине заявили, что компания из ФРГ предложила Киеву совместно производить оружие",https://tass.ru/mezhdunarodnaya-panorama/17145415,"Sun, 26 Feb 2023 19:12:02 +0300"
"""Тинькофф инвестиции"" приостановили торговлю иностранными ценными бумагами",https://tass.ru/ekonomika/17145431,"Sun, 26 Feb 2023 19:11:22 +0300"
"Клуб НХЛ ""Монреаль"" обменял Дадонова в ""Даллас"" на Гурьянова",https://tass.ru/sport/17145409,"Sun, 26 Feb 2023 19:10:29 +0300"
В России могут увеличить штраф за проход по железнодорожным путям в неустановленном месте,https://tass.ru/obschestvo/17145397,"Sun, 26 Feb 2023 19:05:02 +0300"
Президент Республики Сербской потребовал закрытия офиса высокого представителя в БиГ,https://tass.ru/mezhdunarodnaya-panorama/17145377,"Sun, 26 Feb 2023 18:58:27 +0300"
"В США заявили, что беседа Байдена и Си Цзиньпина может состояться в обозримом будущем",https://tass.ru/mezhdunarodnaya-panorama/17145371,"Sun, 26 Feb 2023 18:53:45 +0300"
В Курске представят экспонаты из фондов студии военных художников имени Грекова,https://tass.ru/v-strane/17145369,"Sun, 26 Feb 2023 18:48:04 +0300"
На трассе М-11 возобновили движение в сторону Петербурга после массового ДТП,https://tass.ru/proisshestviya/17145361,"Sun, 26 Feb 2023 18:45:20 +0300"
На авиабазе Рамштайн проходит массовая демонстрация против поставок оружия Украине,https://tass.ru/mezhdunarodnaya-panorama/17145349,"Sun, 26 Feb 2023 18:42:37 +0300"
МИД Ирана: нормализация отношений между Тегераном и Эр-Риядом принесет пользу региону,https://tass.ru/mezhdunarodnaya-panorama/17145341,"Sun, 26 Feb 2023 18:40:34 +0300"
Кандидат в сборную России по BMX умер в возрасте 13 лет,https://tass.ru/sport/17145311,"Sun, 26 Feb 2023 18:33:30 +0300"
"""Челси"" уступил ""Тоттенхэму"" в чемпионате Англии и продлил серию без побед до шести матчей",https://tass.ru/sport/17145305,"Sun, 26 Feb 2023 18:32:40 +0300"
Патриарх Кирилл попросил у всех верующих прощения и благословил их на Великий пост,https://tass.ru/obschestvo/17145279,"Sun, 26 Feb 2023 18:31:58 +0300"
"Глава ЦРУ считает, что только военные успехи Киева могут приблизить переговоры по Украине",https://tass.ru/mezhdunarodnaya-panorama/17145259,"Sun, 26 Feb 2023 18:29:12 +0300"
Глава МИД Саудовской Аравии впервые с момента установления дипотношений посетил Украину,https://tass.ru/mezhdunarodnaya-panorama/17145271,"Sun, 26 Feb 2023 18:28:29 +0300"
Число погибших в результате землетрясений в Турции достигло 44 374,https://tass.ru/proisshestviya/17145293,"Sun, 26 Feb 2023 18:27:34 +0300"
"Во Франции считают, что новые санкции против России говорят о полном провале политики ЕС",https://tass.ru/mezhdunarodnaya-panorama/17145239,"Sun, 26 Feb 2023 18:26:16 +0300"
Guardian: в Германии эксгумировали тело поджигателя Рейхстага Маринуса ван дер Люббе,https://tass.ru/obschestvo/17145217,"Sun, 26 Feb 2023 18:25:35 +0300"
Саудовская Аравия выделит $410 млн на гуманитарную помощь Украине,https://tass.ru/mezhdunarodnaya-panorama/17145225,"Sun, 26 Feb 2023 18:19:47 +0300"
Король Иордании призвал к возобновлению палестино-израильских переговоров о мире,https://tass.ru/mezhdunarodnaya-panorama/17145185,"Sun, 26 Feb 2023 18:18:37 +0300"
В Новосибирске полиция задержала подростков в ТЦ,https://tass.ru/proisshestviya/17145203,"Sun, 26 Feb 2023 18:18:03 +0300"
Глава ЦРУ заявил о важности сохранения открытыми линий связи с Россией,https://tass.ru/mezhdunarodnaya-panorama/17145153,"Sun, 26 Feb 2023 18:04:17 +0300"
"Вучич заявил, что Госдеп настаивает на формировании Сообщества сербских муниципалитетов",https://tass.ru/mezhdunarodnaya-panorama/17145141,"Sun, 26 Feb 2023 18:02:33 +0300"
В ДТП в Татарстане погибли два человека,https://tass.ru/proisshestviya/17145149,"Sun, 26 Feb 2023 18:01:35 +0300"
"Помощник Байдена не смог сказать, поддержат ли США боевые действия Украины в Крыму",https://tass.ru/mezhdunarodnaya-panorama/17145129,"Sun, 26 Feb 2023 17:58:06 +0300"
Записавших обращение мобилизованных из Иркутской области переведут к другому месту службы,https://tass.ru/armiya-i-opk/17145113,"Sun, 26 Feb 2023 17:55:39 +0300"
Пианисты из России заняли призовые места на конкурсе в Японии,https://tass.ru/kultura/17145119,"Sun, 26 Feb 2023 17:53:22 +0300"
Комиссия кабмина Израиля одобрила законопроект о смертной казни для террористов,https://tass.ru/mezhdunarodnaya-panorama/17145093,"Sun, 26 Feb 2023 17:43:27 +0300"
СМИ: в Турции арестовали 188 застройщиков и подрядчиков после землетрясений,https://tass.ru/proisshestviya/17145099,"Sun, 26 Feb 2023 17:43:21 +0300"
СМИ: заявления Байдена о демократии выглядят устаревшими на фоне нового миропорядка,https://tass.ru/mezhdunarodnaya-panorama/17145081,"Sun, 26 Feb 2023 17:39:31 +0300"
В Женеве отменили концерт рэпера Ломепаля из-за террористической угрозы,https://tass.ru/obschestvo/17145073,"Sun, 26 Feb 2023 17:38:55 +0300"
В Италии задержали подозреваемого в перевозке мигрантов после ЧП с 45 погибшими,https://tass.ru/mezhdunarodnaya-panorama/17145063,"Sun, 26 Feb 2023 17:32:17 +0300"
В США не пришли к окончательному выводу о происхождении коронавируса,https://tass.ru/mezhdunarodnaya-panorama/17145049,"Sun, 26 Feb 2023 17:29:12 +0300"
"В США считают, что КНР не приняла окончательного решения о военной помощи России",https://tass.ru/mezhdunarodnaya-panorama/17145037,"Sun, 26 Feb 2023 17:27:26 +0300"
В РПЦ призвали молодежь Донбасса быть носителем мировоззрения о единстве региона с Россией,https://tass.ru/obschestvo/17145027,"Sun, 26 Feb 2023 17:23:47 +0300"
"Выручка московских IT-компаний выросла на 17,5% в 2022 году",https://tass.ru/ekonomika/17145021,"Sun, 26 Feb 2023 17:22:10 +0300"
В ДТП в Якутии пострадали шесть человек,https://tass.ru/proisshestviya/17145017,"Sun, 26 Feb 2023 17:18:40 +0300"
"В США заявили, что вопрос о поставках Украине F-16 не будет решен в обозримой перспективе",https://tass.ru/mezhdunarodnaya-panorama/17145013,"Sun, 26 Feb 2023 17:11:35 +0300"
Победителями фестиваля снежных фигур в Поморье стали команды из Вельска и Каргополя,https://tass.ru/v-strane/17145009,"Sun, 26 Feb 2023 17:11:16 +0300"
"В Молдавии заявили, что не обсуждают вопрос вступления в НАТО",https://tass.ru/mezhdunarodnaya-panorama/17144999,"Sun, 26 Feb 2023 17:07:12 +0300"
Назван еще один возможный соперник сборной России в международном матче,https://lenta.ru/news/2023/02/26/football_iraq/,"Sun, 26 Feb 2023 23:16:06 +0300"
В Британии обвинили Украину в масштабном отмывании денег,https://lenta.ru/news/2023/02/26/laundering/,"Sun, 26 Feb 2023 22:59:00 +0300"
В МИД России усомнились в нейтралитете Швейцарии,https://lenta.ru/news/2023/02/26/zaxarova_shwitz/,"Sun, 26 Feb 2023 22:54:00 +0300"
В США назвали преступной отправку Украине 100 миллиардов долларов военной помощи,https://lenta.ru/news/2023/02/26/crime/,"Sun, 26 Feb 2023 22:32:00 +0300"
Тысячи человек потребовали закрыть американскую базу Рамштайн в Германии,https://lenta.ru/news/2023/02/26/ramstain/,"Sun, 26 Feb 2023 22:30:00 +0300"
Фанаты турецкого клуба устроили акцию помощи пострадавшим в землетрясении детям,https://lenta.ru/news/2023/02/26/fans/,"Sun, 26 Feb 2023 22:28:00 +0300"
В США оценили необходимость военных контактов с Китаем,https://lenta.ru/news/2023/02/26/china/,"Sun, 26 Feb 2023 22:21:00 +0300"
США допустили возможность пересмотра вопроса принадлежности Крыма в будущем,https://lenta.ru/news/2023/02/26/crimea_future/,"Sun, 26 Feb 2023 22:08:12 +0300"
Боррель заявил о недостающих позициях в плане Китая по урегулированию на Украине,https://lenta.ru/news/2023/02/26/borrell_plan/,"Sun, 26 Feb 2023 22:07:26 +0300"
В Белоруссии опровергли сообщения о перестрелке на границе с Украиной,https://lenta.ru/news/2023/02/26/bel/,"Sun, 26 Feb 2023 21:50:37 +0300"
В США рассказали о потерях Польши на Украине,https://lenta.ru/news/2023/02/26/macgregor/,"Sun, 26 Feb 2023 21:48:00 +0300"
Германия решила восполнить свои военные запасы,https://lenta.ru/news/2023/02/26/vospolnenie/,"Sun, 26 Feb 2023 21:48:00 +0300"
Кондолиза Райс усомнилась в будущем вступлении Украины в НАТО,https://lenta.ru/news/2023/02/26/rais_nato/,"Sun, 26 Feb 2023 21:28:37 +0300"
Кондолиза Райс заявила об отставании США в предоставлении Украине помощи,https://lenta.ru/news/2023/02/26/time/,"Sun, 26 Feb 2023 21:27:47 +0300"
Во Франции заявили о провале антироссийских санкций,https://lenta.ru/news/2023/02/26/against/,"Sun, 26 Feb 2023 21:19:00 +0300"
Появились подробности о выходе Костомарова из комы,https://lenta.ru/news/2023/02/26/roman/,"Sun, 26 Feb 2023 21:17:12 +0300"
Посол России отреагировал на заявление премьера Канады о принадлежности Крыма,https://lenta.ru/news/2023/02/26/trudo/,"Sun, 26 Feb 2023 21:09:37 +0300"
Зеленский подписал указы о введении новых санкций против россиян,https://lenta.ru/news/2023/02/26/new_sanc/,"Sun, 26 Feb 2023 21:07:00 +0300"
В СК отреагировали на массовые задержания в российском торговом центре,https://lenta.ru/news/2023/02/26/galery/,"Sun, 26 Feb 2023 20:56:27 +0300"
Врач предупредила о вероятности для Саакашвили оказаться в реанимации,https://lenta.ru/news/2023/02/26/saakashvili/,"Sun, 26 Feb 2023 20:50:16 +0300"
Пожаловавшихся Путину иркутских мобилизованных переведут на новое место службы,https://lenta.ru/news/2023/02/26/voennie/,"Sun, 26 Feb 2023 20:45:00 +0300"
Помощник Байдена высказался о захвате Крыма Украиной,https://lenta.ru/news/2023/02/26/crimeaaa/,"Sun, 26 Feb 2023 20:35:00 +0300"
Клубы НХЛ обменялись российскими игроками,https://lenta.ru/news/2023/02/26/nhl/,"Sun, 26 Feb 2023 20:25:00 +0300"
Рестораны Великобритании стали убирать томаты из пиццы из-за их дороговизны,https://lenta.ru/news/2023/02/26/no_tomatoes_in_pizza/,"Sun, 26 Feb 2023 20:20:00 +0300"
ОМОН задержал больше сотни подростков в торговом центре в Петербурге,https://lenta.ru/news/2023/02/26/politsiyapodrostki/,"Sun, 26 Feb 2023 20:01:32 +0300"
США предупредили Китай о реальных издержках за помощь России,https://lenta.ru/news/2023/02/26/pomosh/,"Sun, 26 Feb 2023 19:55:00 +0300"
Американский разведчик назвал сроки капитуляции Украины,https://lenta.ru/news/2023/02/26/zelenskiy/,"Sun, 26 Feb 2023 19:38:00 +0300"
Губернатор российского региона сообщил об обстрелах со стороны Украины,https://lenta.ru/news/2023/02/26/kurskgubernator/,"Sun, 26 Feb 2023 19:32:00 +0300"
В России ответили на прогноз Киева об отсутствии примирения в ближайшие 100 лет,https://lenta.ru/news/2023/02/26/russia_ukraine/,"Sun, 26 Feb 2023 19:27:00 +0300"
Саудовская Аравия выделит Украине более 400 миллионов долларов,https://lenta.ru/news/2023/02/26/saud/,"Sun, 26 Feb 2023 19:22:00 +0300"
В Белом доме не исключили разговора Байдена и Си Цзиньпина в обозримом будущем,https://lenta.ru/news/2023/02/26/whitehouse/,"Sun, 26 Feb 2023 19:22:00 +0300"
Россиянин избил девушек-фельдшеров скорой помощи,https://lenta.ru/news/2023/02/26/izbil_vrachey/,"Sun, 26 Feb 2023 19:12:19 +0300"
Глава ЦРУ назвал отношения России и США глубоко враждебными,https://lenta.ru/news/2023/02/26/gluboko/,"Sun, 26 Feb 2023 19:11:09 +0300"
Российский велогонщик-чемпион погиб в ДТП в 13 лет,https://lenta.ru/news/2023/02/26/velo/,"Sun, 26 Feb 2023 19:00:16 +0300"
Тело мужчины заметили в Москве-реке в районе храма Христа Спасителя,https://lenta.ru/news/2023/02/26/teloo/,"Sun, 26 Feb 2023 18:58:16 +0300"
В российском регионе частично открыли движение по М-11 после массового ДТП,https://lenta.ru/news/2023/02/26/m_11/,"Sun, 26 Feb 2023 18:55:00 +0300"
В США призвали Зеленского показать открытость к диалогу об окончании конфликта,https://lenta.ru/news/2023/02/26/pryzyvv/,"Sun, 26 Feb 2023 18:43:00 +0300"
Фитнес-тренер объяснил пользу упражнения берпи,https://lenta.ru/news/2023/02/26/fitness/,"Sun, 26 Feb 2023 18:37:16 +0300"
Министр иностранных дел Саудовской Аравии встретился с Зеленским,https://lenta.ru/news/2023/02/26/saudi_arabia/,"Sun, 26 Feb 2023 18:34:00 +0300"
Число погибших при землетрясениях в Турции превысило 44 тысячи,https://lenta.ru/news/2023/02/26/pogib/,"Sun, 26 Feb 2023 18:33:00 +0300"
В правительстве Израиля одобрили законопроект о казни террористов,https://lenta.ru/news/2023/02/26/israelkazn/,"Sun, 26 Feb 2023 18:32:00 +0300"
Заявление США о продаже российской нефти выше предельной цены объяснили,https://lenta.ru/news/2023/02/26/neft_price/,"Sun, 26 Feb 2023 18:28:03 +0300"
Министр обороны Эстонии посетил Киев,https://lenta.ru/news/2023/02/26/pevkur/,"Sun, 26 Feb 2023 18:22:00 +0300"
Шмыгаль предрек России и Украине 100 лет без примирения,https://lenta.ru/news/2023/02/26/predrecc/,"Sun, 26 Feb 2023 18:15:17 +0300"
Еврокомиссия запретила чиновникам использовать TikTok на работе,https://lenta.ru/news/2023/02/26/no_tiktok/,"Sun, 26 Feb 2023 18:12:18 +0300"
Поезд столкнулся с грузовиком в Якутии,https://lenta.ru/news/2023/02/26/poezd/,"Sun, 26 Feb 2023 18:09:40 +0300"
В Запорожской области заявили о переброске частей ВСУ к границам Приднестровья,https://lenta.ru/news/2023/02/26/rogov_rogov/,"Sun, 26 Feb 2023 18:02:00 +0300"
Лукашенко разрешил белорусам выпить по 50 граммов на Масленицу,https://lenta.ru/news/2023/02/26/kulashenkobelorus/,"Sun, 26 Feb 2023 17:59:57 +0300"
Число погибших мигрантов при кораблекрушении в Италии выросло,https://lenta.ru/news/2023/02/26/58_people/,"Sun, 26 Feb 2023 17:44:00 +0300"
Volkswagen начал составлять черный список работающих с Россией автодилеров Китая,https://lenta.ru/news/2023/02/26/cars/,"Sun, 26 Feb 2023 17:44:00 +0300"
Китайский банк объяснил пропажу главы совета директоров действиями властей,https://lenta.ru/news/2023/02/26/propal/,"Sun, 26 Feb 2023 17:42:00 +0300"
Большунов оценил шансы россиян выступить на Олимпийских играх-2026,https://lenta.ru/news/2023/02/26/bolshunov/,"Sun, 26 Feb 2023 17:25:00 +0300"
Nokia представила новый логотип,https://lenta.ru/news/2023/02/26/nokiaa/,"Sun, 26 Feb 2023 17:21:00 +0300"
В Белом доме высказались об отправке истребителей Украине,https://lenta.ru/news/2023/02/26/fff/,"Sun, 26 Feb 2023 17:17:00 +0300"
Число попавших в ДТП на трассе М-11 машин выросло до 41,https://lenta.ru/news/2023/02/26/mmmm/,"Sun, 26 Feb 2023 17:15:00 +0300"
Военкор заявил о докладе Зеленскому об окружении Артемовска российскими войсками,https://lenta.ru/news/2023/02/26/doklad/,"Sun, 26 Feb 2023 17:11:00 +0300"
Еще в одном российском городе устроили облаву на подростков из «ЧВК Редан»,https://lenta.ru/news/2023/02/26/novosibb/,"Sun, 26 Feb 2023 16:52:00 +0300"
Глава СПЧ отреагировал на санкции ЕС против членов совета,https://lenta.ru/news/2023/02/26/spch_sanksii/,"Sun, 26 Feb 2023 16:51:00 +0300"
Российские летчики сбросили бомбы на позиции ВСУ и попали на видео,https://lenta.ru/news/2023/02/26/video_vsu/,"Sun, 26 Feb 2023 16:44:00 +0300"
В США причиной пандемии COVID-19 назвали утечку из лаборатории,https://lenta.ru/news/2023/02/26/covid/,"Sun, 26 Feb 2023 16:39:00 +0300"
Россиянка заявила о смерти ребенка в роддоме при перерезании пуповины,https://lenta.ru/news/2023/02/26/smert/,"Sun, 26 Feb 2023 16:33:00 +0300"
В Чехии дали совет Украине по урегулированию конфликта с Россией,https://lenta.ru/news/2023/02/26/terrr/,"Sun, 26 Feb 2023 16:25:00 +0300"
Американский эксперт заявил о внушительных оборонительных линиях России,https://lenta.ru/news/2023/02/26/fortifications/,"Sun, 26 Feb 2023 16:23:00 +0300"
Россиянка представлялась полковником ФСБ и обманула банк на миллионы рублей,https://lenta.ru/news/2023/02/26/voenn/,"Sun, 26 Feb 2023 16:20:00 +0300"
Шольц назвал недостающий пункт в китайском плане по Украине,https://lenta.ru/news/2023/02/26/one_little_item/,"Sun, 26 Feb 2023 16:14:00 +0300"
Стало известно о планах ПСЖ расстаться с лидерами клуба ради сокращения расходов,https://lenta.ru/news/2023/02/26/psg/,"Sun, 26 Feb 2023 16:13:00 +0300"
На Украине заявили о грядущих ограничениях в электроснабжении,https://lenta.ru/news/2023/02/26/ukrenergy/,"Sun, 26 Feb 2023 16:10:00 +0300"
Доллару предсказали укрепление до 85 рублей,https://lenta.ru/news/2023/02/26/85/,"Sun, 26 Feb 2023 16:08:00 +0300"
Ким Чен Ын с дочерью взялись за лопаты,https://lenta.ru/news/2023/02/26/kim_doch/,"Sun, 26 Feb 2023 16:00:00 +0300"
На Украине призвали Маска не читать российских газет,https://lenta.ru/news/2023/02/26/pod_musk/,"Sun, 26 Feb 2023 15:58:00 +0300"
В Берлине полиция позволила растоптать цветы для погибших танкистов из России,https://lenta.ru/news/2023/02/26/cvet_cvet/,"Sun, 26 Feb 2023 15:52:00 +0300"
На детском празднике в России включили «Ще не вмерла Україна»,https://lenta.ru/news/2023/02/26/banned/,"Sun, 26 Feb 2023 15:39:00 +0300"
Морпех США сравнил Украину с Ираком и Афганистаном,https://lenta.ru/news/2023/02/26/usanavymorpekh/,"Sun, 26 Feb 2023 15:27:00 +0300"
Глава Минобороны Украины рассказал о просьбе к Деду Морозу,https://lenta.ru/news/2023/02/26/ded_reznikov/,"Sun, 26 Feb 2023 15:25:00 +0300"
В Белоруссии подсчитали возможных мобилизованных,https://lenta.ru/news/2023/02/26/mobbb/,"Sun, 26 Feb 2023 15:19:00 +0300"
Российский игрок клуба РПЛ отказался считать зарплаты футболистов высокими,https://lenta.ru/news/2023/02/26/vysoko/,"Sun, 26 Feb 2023 15:14:00 +0300"
Число пострадавших в ДТП на трассе М-11 выросло до 12 человек,https://lenta.ru/news/2023/02/26/dtp/,"Sun, 26 Feb 2023 15:05:00 +0300"
Северная Африка начала «ненасытно» скупать нефтепродукты России,https://lenta.ru/news/2023/02/26/russian_oil/,"Sun, 26 Feb 2023 15:03:00 +0300"
В Национальной медпалате рассказали о состоянии Рошаля,https://lenta.ru/news/2023/02/26/roshal_med/,"Sun, 26 Feb 2023 14:56:00 +0300"
Нарышкин оценил решение приостановить участие России в ДСНВ,https://lenta.ru/news/2023/02/26/dsnvvv/,"Sun, 26 Feb 2023 14:45:00 +0300"
Мужчина с маленьким пенисом назвал способы доставить женщине удовольствие,https://lenta.ru/news/2023/02/26/small_penis/,"Sun, 26 Feb 2023 14:45:00 +0300"
В ГУР заявили о подготовке Киева к нападению на российские территории,https://lenta.ru/news/2023/02/26/vsu_snova/,"Sun, 26 Feb 2023 14:43:00 +0300"
Зеленский назвал условие восстановления мира,https://lenta.ru/news/2023/02/26/peace/,"Sun, 26 Feb 2023 14:41:00 +0300"
В Молдавии заявили о нежелании обсуждать вступление в НАТО,https://lenta.ru/news/2023/02/26/moldaviyanato/,"Sun, 26 Feb 2023 14:30:00 +0300"
Хирург назвал россиянкам опасную пластику блогеров,https://lenta.ru/news/2023/02/26/plasticsurgery/,"Sun, 26 Feb 2023 14:28:00 +0300"
В санатории отреагировали на сообщение о смерти на конкурсе по поеданию блинов,https://lenta.ru/news/2023/02/26/blin_smert/,"Sun, 26 Feb 2023 14:25:00 +0300"
Супруга Карла III после его коронации получит новый титул,https://lenta.ru/news/2023/02/26/camilla/,"Sun, 26 Feb 2023 14:20:00 +0300"
20-летний почтальон задушил российскую пенсионерку ради семи тысяч рублей,https://lenta.ru/news/2023/02/26/krasnodarr/,"Sun, 26 Feb 2023 14:19:00 +0300"
Тренер рассказала о десятиминутной тренировке на все группы мышц,https://lenta.ru/news/2023/02/26/training/,"Sun, 26 Feb 2023 14:19:00 +0300"
Шойгу рассказал об угрозе у границ России из-за западного оружия Украины,https://lenta.ru/news/2023/02/26/oruzh/,"Sun, 26 Feb 2023 14:08:00 +0300"
В Госдуме пообещали украинским военным неприятный сюрприз,https://lenta.ru/news/2023/02/26/surprise/,"Sun, 26 Feb 2023 13:57:00 +0300"
Названы место и дата проведения матча сборной России по футболу с Ираном,https://lenta.ru/news/2023/02/26/russiairan/,"Sun, 26 Feb 2023 13:56:00 +0300"
В Азербайджане упрекнули Армению в уклонении от переговоров,https://lenta.ru/news/2023/02/26/uprekk/,"Sun, 26 Feb 2023 13:48:00 +0300"
Названы причины отсутствия секса у молодых мужчин,https://lenta.ru/news/2023/02/26/sex/,"Sun, 26 Feb 2023 13:48:00 +0300"
Президент Чехии заявил о выполнении Украиной «домашнего задания» для НАТО,https://lenta.ru/news/2023/02/26/homework/,"Sun, 26 Feb 2023 13:44:00 +0300"
Минобороны России сообщило об уничтожении украинских складов с боеприпасами,https://lenta.ru/news/2023/02/26/vsrf68birgadavsu/,"Sun, 26 Feb 2023 13:43:00 +0300"
В Минобороны доложили о потерях ВСУ на краснолиманском направлении,https://lenta.ru/news/2023/02/26/liman_liman/,"Sun, 26 Feb 2023 13:40:00 +0300"
Российские военные уничтожили шесть диверсионных групп ВСУ,https://lenta.ru/news/2023/02/26/brieff/,"Sun, 26 Feb 2023 13:39:00 +0300"
В Минобороны сообщили о потерях ВСУ на южнодонецком и запорожском направлениях,https://lenta.ru/news/2023/02/26/vsu_bolee/,"Sun, 26 Feb 2023 13:38:00 +0300"
Германии понадобится триллион долларов на устранение рисков энергокризиса,https://lenta.ru/news/2023/02/26/projectt/,"Sun, 26 Feb 2023 13:36:00 +0300"
Российские военные уничтожили украинский вертолет и семь беспилотников ВСУ,https://lenta.ru/news/2023/02/26/vsu_mimi/,"Sun, 26 Feb 2023 13:33:00 +0300"
Минобороны отчиталось об уничтожении украинской базы по ремонту военной техники,https://lenta.ru/news/2023/02/26/bazza/,"Sun, 26 Feb 2023 13:31:00 +0300"
Федеральная трасса М-11 оказалась перекрытой из-за крупного ДТП,https://lenta.ru/news/2023/02/26/perekryli/,"Sun, 26 Feb 2023 13:27:46 +0300"
Украина перестала испытывать дефицит электроэнергии,https://lenta.ru/news/2023/02/26/no_deficit/,"Sun, 26 Feb 2023 13:18:00 +0300"
Врач назвал идеальное время для здорового сна,https://lenta.ru/news/2023/02/26/dream/,"Sun, 26 Feb 2023 13:09:00 +0300"
В ЧВК «Вагнер» рассказали о посаженных в клетки бойцах ВСУ за провинности,https://lenta.ru/news/2023/02/26/vagner_vagner/,"Sun, 26 Feb 2023 13:07:00 +0300"
Стало известно о постепенном выводе Костомарова из комы,https://lenta.ru/news/2023/02/26/kostomarov/,"Sun, 26 Feb 2023 13:06:00 +0300"
Путин поздравил Эрдогана с днем рождения и оценил отношения с Турцией,https://lenta.ru/news/2023/02/26/erdo_dr/,"Sun, 26 Feb 2023 12:59:00 +0300"
В Китае анонсировали визит высокопоставленных чиновников Евросоюза,https://lenta.ru/news/2023/02/26/chinaeu/,"Sun, 26 Feb 2023 12:57:00 +0300"
В Крыму назвали единственную причину для посещения Зеленским полуострова,https://lenta.ru/news/2023/02/26/zelcrimea/,"Sun, 26 Feb 2023 12:44:00 +0300"
Леонид Рошаль попал в реанимацию,https://lenta.ru/news/2023/02/26/roshal/,"Sun, 26 Feb 2023 12:43:00 +0300"
Глава UFC озвучил условие для проведения реванша Махачева и Волкановски,https://lenta.ru/news/2023/02/26/white/,"Sun, 26 Feb 2023 12:40:00 +0300"
Власти Крыма сообщили о полном обеспечении полуострова водой,https://lenta.ru/news/2023/02/26/crimea_water/,"Sun, 26 Feb 2023 12:38:00 +0300"
40 мигрантов погибли при кораблекрушении в Италии,https://lenta.ru/news/2023/02/26/italyy/,"Sun, 26 Feb 2023 12:36:00 +0300"
В Болгарии отменили марш в честь возглавлявшего пронацистский союз генерала,https://lenta.ru/news/2023/02/26/bulgariaa/,"Sun, 26 Feb 2023 12:31:00 +0300"
В России высказались об ответе на десятый санкционный пакет Евросоюза,https://lenta.ru/news/2023/02/26/sanksii_russia/,"Sun, 26 Feb 2023 12:29:00 +0300"
Российские военные уничтожили укрепрайон ВСУ под Кременной,https://lenta.ru/news/2023/02/26/cremm_vsu/,"Sun, 26 Feb 2023 12:23:00 +0300"
В Госдуме рассказали о вступающих в силу с марта законах,https://lenta.ru/news/2023/02/26/voloddd/,"Sun, 26 Feb 2023 12:21:00 +0300"
Глава ЦРУ рассказал о дерзости Нарышкина при обсуждении Украины,https://lenta.ru/news/2023/02/26/arrogance/,"Sun, 26 Feb 2023 12:19:00 +0300"
«Волга» прокомментировала инцидент с брошенным игроку «Зенита» бананом на матче,https://lenta.ru/news/2023/02/26/volga_zenit/,"Sun, 26 Feb 2023 12:11:00 +0300"
Папа Римский попросил прощения у россиян,https://lenta.ru/news/2023/02/26/pope/,"Sun, 26 Feb 2023 12:09:00 +0300"
Путин заявил о необходимости сохранить страну и ее безопасность,https://lenta.ru/news/2023/02/26/putinzapad3/,"Sun, 26 Feb 2023 12:01:00 +0300"
Путин рассказал о московитах и уральцах в случае распада России,https://lenta.ru/news/2023/02/26/collapse_of_russia/,"Sun, 26 Feb 2023 11:48:00 +0300"
В ДНР заявили об угрозе эпидемии из-за подрыва дамбы в Артемовске,https://lenta.ru/news/2023/02/26/damba_damba/,"Sun, 26 Feb 2023 11:45:00 +0300"
Президент клуба РПЛ отреагировал на смерть 19-летнего вратаря команды,https://lenta.ru/news/2023/02/26/umervratar/,"Sun, 26 Feb 2023 11:45:00 +0300"
В российском регионе на Масленицу сожгли чучело Хагги Вагги,https://lenta.ru/news/2023/02/26/fire/,"Sun, 26 Feb 2023 11:32:49 +0300"
Путин исключил пребывание солдат США на российских ядерных объектах,https://lenta.ru/news/2023/02/26/zapadputin2/,"Sun, 26 Feb 2023 11:32:00 +0300"
Нашествие умных суперсвиней назвали новой угрозой для США,https://lenta.ru/news/2023/02/26/superswin/,"Sun, 26 Feb 2023 11:26:00 +0300"
Глава UFC высказался о переносе боя попавшего в больницу уроженца Донбасса,https://lenta.ru/news/2023/02/26/krylov_white/,"Sun, 26 Feb 2023 11:23:22 +0300"
"Россиянка ела блины на скорость, подавилась и погибла",https://lenta.ru/news/2023/02/26/omsk_omsk/,"Sun, 26 Feb 2023 11:22:00 +0300"
Путин заявил о готовности Запада принять Россию лишь по частям,https://lenta.ru/news/2023/02/26/putinzapad/,"Sun, 26 Feb 2023 11:12:00 +0300"
Ковальчук высказался о возможном возобновлении карьеры,https://lenta.ru/news/2023/02/26/vyskazalsya/,"Sun, 26 Feb 2023 11:08:14 +0300"
Обвинившая Мэнсона в изнасиловании модель созналась во лжи,https://lenta.ru/news/2023/02/26/mansonn/,"Sun, 26 Feb 2023 11:05:35 +0300"
Путин допустил участие стран НАТО в дискуссии по ДСНВ,https://lenta.ru/news/2023/02/26/pytinnn/,"Sun, 26 Feb 2023 11:03:00 +0300"
Путин назвал НАТО соучастником преступлений Украины,https://lenta.ru/news/2023/02/26/besplatno/,"Sun, 26 Feb 2023 10:54:00 +0300"
Стало известно о недовольстве Овечкина решением руководства «Вашингтона»,https://lenta.ru/news/2023/02/26/ovechkin/,"Sun, 26 Feb 2023 10:46:58 +0300"
Путин назвал ликвидацию России целью Запада,https://lenta.ru/news/2023/02/26/zapadd/,"Sun, 26 Feb 2023 10:32:00 +0300"
В ЦРУ рассказали о предоставлении Киеву данных американской разведки,https://lenta.ru/news/2023/02/26/help_for_ukraine/,"Sun, 26 Feb 2023 10:31:11 +0300"
Глава Крыма исключил риск перекрытия Украиной подачи воды в регион,https://lenta.ru/news/2023/02/26/voda_budet/,"Sun, 26 Feb 2023 10:14:19 +0300"
Уроженец Донбасса попал в больницу за несколько часов до боя в UFC,https://lenta.ru/news/2023/02/26/krylov/,"Sun, 26 Feb 2023 09:47:28 +0300"
В Крыму собрались строить новое водохранилище,https://lenta.ru/news/2023/02/26/vodichka/,"Sun, 26 Feb 2023 09:31:52 +0300"
В ЛНР рассказали о нехватке у ВСУ техники для эвакуации раненых,https://lenta.ru/news/2023/02/26/mar_nekh/,"Sun, 26 Feb 2023 09:26:37 +0300"
Гол Малкина помог «Питтсбургу» прервать серию поражений в НХЛ,https://lenta.ru/news/2023/02/26/malkin/,"Sun, 26 Feb 2023 09:10:21 +0300"
Зеленский захотел отправить в США список желаемого вооружения,https://lenta.ru/news/2023/02/26/oruzhiewish/,"Sun, 26 Feb 2023 08:57:00 +0300"
Пользователям Windows предрекли проблемы с браузерами,https://lenta.ru/news/2023/02/26/problemyyy/,"Sun, 26 Feb 2023 08:54:08 +0300"
Cреди республиканцев возник раскол после слов Пенса об Украине,https://lenta.ru/news/2023/02/26/pens/,"Sun, 26 Feb 2023 08:48:47 +0300"
Пушилин заявил о превращении Украины в полигон НАТО,https://lenta.ru/news/2023/02/26/scenarii/,"Sun, 26 Feb 2023 08:42:00 +0300"
Военный историк оценил шансы на реализацию мирного плана Китая по Украине,https://lenta.ru/news/2023/02/26/istorik/,"Sun, 26 Feb 2023 08:30:07 +0300"
Диетолог назвала самые вредные продукты для завтрака,https://lenta.ru/news/2023/02/26/zavtraakkk/,"Sun, 26 Feb 2023 08:15:00 +0300"
Военкор назвал последствия передачи польских танков Украине,https://lenta.ru/news/2023/02/26/steshin/,"Sun, 26 Feb 2023 08:10:00 +0300"
Бойцы «Вагнера» рассказали об убитых на юге Артемовска,https://lenta.ru/news/2023/02/26/varner_ubitye/,"Sun, 26 Feb 2023 08:01:00 +0300"
В «Вашингтоне» оценили значимость возвращения в команду Овечкина,https://lenta.ru/news/2023/02/26/ove/,"Sun, 26 Feb 2023 08:00:00 +0300"
На границе Турции и Сирии произошло новое землетрясение,https://lenta.ru/news/2023/02/26/zemletryasenie/,"Sun, 26 Feb 2023 07:45:00 +0300"
Раскрыты сроки выхода космонавтов в открытый космос по российской программе,https://lenta.ru/news/2023/02/26/borisssov/,"Sun, 26 Feb 2023 07:35:00 +0300"
Американский журналист призвал западные СМИ говорить правду об Украине,https://lenta.ru/news/2023/02/26/pravda/,"Sun, 26 Feb 2023 07:30:00 +0300"
Глава ЦРУ допустил передачу Китаем оружия Москве,https://lenta.ru/news/2023/02/26/pekin/,"Sun, 26 Feb 2023 07:16:00 +0300"
В России появятся иранские бренды одежды,https://lenta.ru/news/2023/02/26/iranclothes/,"Sun, 26 Feb 2023 07:13:00 +0300"
Российские военные взяли опорный пункт ВСУ на Марьинском направлении,https://lenta.ru/news/2023/02/26/marjinka/,"Sun, 26 Feb 2023 06:43:00 +0300"
Во Франции удивились жизни россиян спустя год после начала СВО,https://lenta.ru/news/2023/02/26/valeurs/,"Sun, 26 Feb 2023 06:42:00 +0300"
«Союз МС-23» пристыковался к МКС на замену поврежденному «Союзу МС-22»,https://lenta.ru/news/2023/02/26/souz/,"Sun, 26 Feb 2023 06:25:25 +0300"
В США заявили о продаже Россией нефти выше предельной цены,https://lenta.ru/news/2023/02/26/usaoil/,"Sun, 26 Feb 2023 06:15:00 +0300"
Илон Маск назвал события на Украине в 2014 году госпереворотом,https://lenta.ru/news/2023/02/26/gpsperevorot/,"Sun, 26 Feb 2023 06:04:00 +0300"
Полянский заявил о давлении Запада на другие страны при голосовании в ГА ООН,https://lenta.ru/news/2023/02/26/polyanski/,"Sun, 26 Feb 2023 05:41:00 +0300"
Российский альпинист умер во время восхождения на Эльбрус,https://lenta.ru/news/2023/02/26/elbrus/,"Sun, 26 Feb 2023 05:26:44 +0300"
Американский полковник рассказал о будущем ВСУ без поддержки НАТО,https://lenta.ru/news/2023/02/26/mcgregor/,"Sun, 26 Feb 2023 05:23:00 +0300"
В посольстве России прокомментировали реакцию немцев на провокацию с танком,https://lenta.ru/news/2023/02/26/posolstvo/,"Sun, 26 Feb 2023 04:59:00 +0300"
Футболист «Зенита» отреагировал на брошенный в него банан в матче с «Волгой»,https://lenta.ru/news/2023/02/26/banannn/,"Sun, 26 Feb 2023 04:55:47 +0300"
Тысячи немцев потребовали от Шольца прекратить военные поставки Украине,https://lenta.ru/news/2023/02/26/aleman/,"Sun, 26 Feb 2023 04:52:00 +0300"
В США рассказали о потере украинскими политиками веры в победу,https://lenta.ru/news/2023/02/26/pobeda/,"Sun, 26 Feb 2023 04:30:00 +0300"
Главы минфинов G20 приняли заявление без учета позиции по Украине,https://lenta.ru/news/2023/02/26/uchet/,"Sun, 26 Feb 2023 04:29:00 +0300"
В Альфа-банке прокомментировали свое включение в список санкций ЕС,https://lenta.ru/news/2023/02/26/alfabannnk/,"Sun, 26 Feb 2023 04:20:00 +0300"
В США заявили о продаже Россией нефти выше потолка цен,https://lenta.ru/news/2023/02/26/potolok/,"Sun, 26 Feb 2023 03:53:51 +0300"
Байдена призвали пересмотреть отношения с ЮАР из-за учений с Китаем и Россией,https://lenta.ru/news/2023/02/26/uar/,"Sun, 26 Feb 2023 03:44:00 +0300"
Офицер раскритиковал генералов США за опасное заблуждение о России,https://lenta.ru/news/2023/02/26/podpolkovnik/,"Sun, 26 Feb 2023 03:19:00 +0300"
У Курильских островов произошло землетрясение,https://lenta.ru/news/2023/02/26/zemletryas/,"Sun, 26 Feb 2023 03:02:14 +0300"
Захарова заявила о сыгравшей против организаторов акции в поддержку Киева,https://lenta.ru/news/2023/02/26/zaharova/,"Sun, 26 Feb 2023 02:40:00 +0300"
Россиянам рассказали об опасности незакрытого банковского счета,https://lenta.ru/news/2023/02/26/bankscht/,"Sun, 26 Feb 2023 02:38:00 +0300"
В сюжете польского СМИ заметили двойника Зеленского,https://lenta.ru/news/2023/02/26/dvoinik/,"Sun, 26 Feb 2023 02:34:00 +0300"
На Украине запланировали реформу правительства,https://lenta.ru/news/2023/02/26/reforma/,"Sun, 26 Feb 2023 02:12:46 +0300"
Сенатор от Запорожья назвал плюсы попадания под санкции ЕС,https://lenta.ru/news/2023/02/26/zaporozhie/,"Sun, 26 Feb 2023 02:04:00 +0300"
Пригожин прокомментировал санкции против его медиагруппы,https://lenta.ru/news/2023/02/25/patriot/,"Sun, 26 Feb 2023 01:26:00 +0300"
Умер 19-летний футболист российского клуба,https://lenta.ru/news/2023/02/26/football19/,"Sun, 26 Feb 2023 01:10:40 +0300"
Кандидат в президенты США раскритиковал военную помощь страны Украине,https://lenta.ru/news/2023/02/26/kritika/,"Sun, 26 Feb 2023 01:04:48 +0300"
Махачев стал самым проверяемым на допинг бойцом UFC,https://lenta.ru/news/2023/02/26/makhachev/,"Sun, 26 Feb 2023 00:57:36 +0300"
Украина инициировала проведение информационного «Рамштайна»,https://lenta.ru/news/2023/02/26/ramshtain/,"Sun, 26 Feb 2023 00:40:00 +0300"
Захарова высказалась о внесении доктора Рошаля в список санкций ЕС,https://lenta.ru/news/2023/02/26/roshaall/,"Sun, 26 Feb 2023 00:21:37 +0300"
Немцы сорвали акцию в поддержку Украины в Берлине,https://lenta.ru/news/2023/02/26/berlin/,"Sun, 26 Feb 2023 00:15:00 +0300"
Пушилин пообещал освободить все города в ДНР,https://lenta.ru/news/2023/02/25/pushilingoroda/,"Sat, 25 Feb 2023 23:59:00 +0300"
Советник Пушилина раскрыл детали подрыва ВСУ дамбы в Артемовске,https://lenta.ru/news/2023/02/25/dambaaa/,"Sat, 25 Feb 2023 23:53:00 +0300"
Суд назначил домашний арест лидеру «ЧВК Редан»,https://lenta.ru/news/2023/02/25/redddan/,"Sat, 25 Feb 2023 23:35:33 +0300"
Российский игрок «Вашингтона» устроил драку в матче НХЛ,https://lenta.ru/news/2023/02/25/kuznetsov/,"Sat, 25 Feb 2023 23:27:00 +0300"
Российский военкор отреагировал на санкции ЕС против него,https://lenta.ru/news/2023/02/25/kotz/,"Sat, 25 Feb 2023 23:26:42 +0300"
Пушилин высказался о восстановлении «Азовстали» в прежнем виде,https://lenta.ru/news/2023/02/25/azovstal/,"Sat, 25 Feb 2023 23:17:00 +0300"
Евросоюз ввел десятый пакет санкций против России,https://lenta.ru/news/2023/02/25/desyaty/,"Sat, 25 Feb 2023 23:07:00 +0300"
В список санкций ЕС включили руководство иранских производителей беспилотников,https://lenta.ru/news/2023/02/25/bespilottt/,"Sat, 25 Feb 2023 22:47:57 +0300"
Тренер раскрыл одно упражнение для прокачки всего тела,https://lenta.ru/news/2023/02/25/trener/,"Sat, 25 Feb 2023 22:42:00 +0300"
В США возмутились словами Байдена о России,https://lenta.ru/news/2023/02/25/kennedy/,"Sat, 25 Feb 2023 22:24:00 +0300"
На Украине заявили о приближающейся катастрофе из-за Зеленского,https://lenta.ru/news/2023/02/25/katastrofa/,"Sat, 25 Feb 2023 22:12:00 +0300"
ЕС ввел санкции в отношении ЧВК «Вагнер»,https://lenta.ru/news/2023/02/25/es_vagner/,"Sat, 25 Feb 2023 22:02:00 +0300"
В список санкций ЕС включили ряд российских военачальников,https://lenta.ru/news/2023/02/25/voennasialnika/,"Sat, 25 Feb 2023 21:59:19 +0300"
Зеленский сообщил о подписании трех указов о введении санкций в отношении россиян,https://www.vedomosti.ru/politics/news/2023/02/26/964343-zelenskii-sanktsii-rossiyan,"Sun, 26 Feb 2023 22:14:06 +0300"
«Вкусно – и точка» 27 февраля запустит продажи аналога «Биг Мака»,https://www.vedomosti.ru/business/news/2023/02/26/964332-analoga-big-maka,"Sun, 26 Feb 2023 21:39:11 +0300"
В Белом доме сообщили о возможности разговора Джо Байдена и Си Цзиньпина,https://www.vedomosti.ru/politics/news/2023/02/26/964331-vozmozhnosti-razgovora-baidena-tszinpina,"Sun, 26 Feb 2023 21:03:11 +0300"
НАТО разместила две авианосные ударные группы в Адриатическом море,https://www.vedomosti.ru/politics/news/2023/02/26/964330-nato-avianosnie-gruppi-more,"Sun, 26 Feb 2023 20:28:06 +0300"
«Тинькофф Инвестиции» приостановят торги евро и иностранными бумагами с 27 февраля,https://www.vedomosti.ru/investments/news/2023/02/26/964323-tinkoff-investitsii-priostanovyat-torgi,"Sun, 26 Feb 2023 19:59:14 +0300"
Рогов заявил о перемещении украинских войск к границе Приднестровья,https://www.vedomosti.ru/politics/news/2023/02/26/964322-ukrainskih-voisk-pridnestrovya,"Sun, 26 Feb 2023 18:56:13 +0300"
Handelsblatt: VW пытается предотвратить поставки своих автомобилей из Китая в Россию,https://www.vedomosti.ru/auto/news/2023/02/26/964321-postavki-avtomobilei-kitaya-rossiyu,"Sun, 26 Feb 2023 18:42:21 +0300"
В Белом доме вновь исключили возможность поставок Киеву истребителей,https://www.vedomosti.ru/politics/news/2023/02/26/964320-belom-dome,"Sun, 26 Feb 2023 17:49:35 +0300"
WSJ: минэнерго США склоняется к версии лабораторного происхождения пандемии ковида,https://www.vedomosti.ru/society/news/2023/02/26/964319-minenergo-laboratornogo-proishozhdeniya-kovida,"Sun, 26 Feb 2023 17:33:04 +0300"
«Руссофт» назвал запоздалым запрет ввоза ПО для систем военной техники в РФ,https://www.vedomosti.ru/economics/news/2023/02/26/964318-russoft,"Sun, 26 Feb 2023 17:25:33 +0300"
Welt: Шольц раскритиковал предложения Китая по Украине,https://www.vedomosti.ru/politics/news/2023/02/26/964315-sholts,"Sun, 26 Feb 2023 16:52:37 +0300"
Молдавия не будет обсуждать вопрос вступления в НАТО,https://www.vedomosti.ru/politics/news/2023/02/26/964314-moldaviya-vstupleniya-nato,"Sun, 26 Feb 2023 16:33:14 +0300"
WSJ: Северная Африка «ненасытно» скупает российские нефтепродукты,https://www.vedomosti.ru/economics/news/2023/02/26/964313-wsj-severnaya,"Sun, 26 Feb 2023 16:19:13 +0300"
"Москалькова заявила, что ЕС отказал ей в праве доносить правозащитную позицию РФ",https://www.vedomosti.ru/politics/news/2023/02/26/964312-moskalkova,"Sun, 26 Feb 2023 15:29:45 +0300"
Минобороны заявило об уничтожении шести ДРГ в Харьковской области,https://www.vedomosti.ru/politics/news/2023/02/26/964310-minoboroni,"Sun, 26 Feb 2023 15:02:56 +0300"
Шойгу: России придется отодвигать угрозы в зависимости от поставок Киеву оружия,https://www.vedomosti.ru/politics/news/2023/02/26/964308-shoigu,"Sun, 26 Feb 2023 14:42:30 +0300"
Приложение «МТС Pay» исчезло из App Store и Google Play,https://www.vedomosti.ru/finance/news/2023/02/26/964307-mts,"Sun, 26 Feb 2023 14:11:27 +0300"
ВСС: папа Римский призвал русских и украинцев простить друг друга,https://www.vedomosti.ru/politics/news/2023/02/26/964306-papa-rimskii,"Sun, 26 Feb 2023 13:20:20 +0300"
La Repubblica: 40 человек погибли при крушении лодки с мигрантами на юге Италии,https://www.vedomosti.ru/society/news/2023/02/26/964304-la-repubblica,"Sun, 26 Feb 2023 12:58:23 +0300"
США запретили экспортировать в Россию смартфоны дороже $300,https://www.vedomosti.ru/economics/news/2023/02/26/964303-ssha-zapretili,"Sun, 26 Feb 2023 12:27:50 +0300"
Аксенов сообщил о планах построить в Крыму водохранилище для снабжения Ялты,https://www.vedomosti.ru/society/news/2023/02/26/964302-aksenov,"Sun, 26 Feb 2023 11:54:45 +0300"
Путин заявил о необходимости обсуждать ядерный потенциал Британии и Франции,https://www.vedomosti.ru/politics/news/2023/02/26/964301-putin,"Sun, 26 Feb 2023 11:27:00 +0300"
Путин: планы Запада о разделении России изложены на бумаге,https://www.vedomosti.ru/politics/news/2023/02/26/964299-putin,"Sun, 26 Feb 2023 10:49:49 +0300"
Полянский рассказал о жалобах ряда стран из-за голосования по резолюции ООН,https://www.vedomosti.ru/politics/news/2023/02/26/964298-polyanskii-rasskazal,"Sun, 26 Feb 2023 10:25:21 +0300"
Володин: в марте вступит в силу закон о соцподдержке жителей новых регионов,https://www.vedomosti.ru/society/news/2023/02/26/964297-volodin,"Sun, 26 Feb 2023 09:55:02 +0300"
Маск назвал события 2014 года на Украине переворотом,https://www.vedomosti.ru/politics/news/2023/02/26/964296-mask-nazval,"Sun, 26 Feb 2023 09:29:26 +0300"
Глава Черногории Мило Джуканович заявил о своем участии в президентских выборах,https://www.vedomosti.ru/politics/news/2023/02/25/964294-chernogorii-prezidentskih-viborah,"Sat, 25 Feb 2023 20:39:02 +0300"
Пригожин сообщил о взятии под контроль Ягодного на севере Артемовска,https://www.vedomosti.ru/politics/news/2023/02/25/964293-prigozhin-vzyatii-kontrol-yagodnogo,"Sat, 25 Feb 2023 20:03:07 +0300"
Власти Турции ведут расследования в отношении 612 человек из-за обрушения зданий,https://www.vedomosti.ru/society/news/2023/02/25/964292-turtsii-rassledovaniya-obrusheniya,"Sat, 25 Feb 2023 18:55:50 +0300"
МИД Венгрии исключил поддержку санкций против ядерной энергетики России,https://www.vedomosti.ru/politics/news/2023/02/25/964289-mid-vengrii,"Sat, 25 Feb 2023 17:58:40 +0300"
Иран заявил о разработке крылатой ракеты дальностью 1650 км,https://www.vedomosti.ru/politics/news/2023/02/25/964288-iran-zayavil,"Sat, 25 Feb 2023 17:31:36 +0300"
Глава Orlen заявил о прекращении поставок российской нефти в Польшу,https://www.vedomosti.ru/business/news/2023/02/25/964287-glava-orlen,"Sat, 25 Feb 2023 17:04:00 +0300"
Индия по итогам встречи минфинов G20 указала на разные точки зрения на спецоперацию,https://www.vedomosti.ru/politics/news/2023/02/25/964286-indiya-g20-spetsoperatsiyu,"Sat, 25 Feb 2023 16:55:46 +0300"
После убийства краснокнижных оленей на Сахалине возбуждено уголовное дело,https://www.vedomosti.ru/society/news/2023/02/25/964285-krasnoknizhnih-olenei,"Sat, 25 Feb 2023 16:25:25 +0300"
Картаполов заявил об отсутствии возможностей у Украины захватить Крым,https://www.vedomosti.ru/politics/news/2023/02/25/964284-otsutstvii-vozmozhnostei-zahvatit-krim,"Sat, 25 Feb 2023 16:14:06 +0300"
МИД исключил посредничество Швейцарии в переговорах по Украине,https://www.vedomosti.ru/politics/news/2023/02/25/964283-mid-isklyuchil,"Sat, 25 Feb 2023 15:58:15 +0300"
Совет ЕС заявил о запрете около половины европейского экспорта в Россию,https://www.vedomosti.ru/economics/news/2023/02/25/964282-evrosovet-zayavil,"Sat, 25 Feb 2023 15:40:35 +0300"
Politico: две криптобиржи проводят операции с подсанкционными банками из России,https://www.vedomosti.ru/finance/news/2023/02/25/964281-kriptobirzhi-operatsii-podsanktsionnimi-bankami,"Sat, 25 Feb 2023 15:34:47 +0300"
ЕС ввел санкции против RT Arabic и иранских производителей беспилотников,https://www.vedomosti.ru/politics/news/2023/02/25/964280-vvel-sanktsii,"Sat, 25 Feb 2023 14:45:39 +0300"
Боррель подтвердил включение в антироссийский санкционный список 121 физлица,https://www.vedomosti.ru/politics/news/2023/02/25/964279-es-sanktsii-121-fizlitso,"Sat, 25 Feb 2023 14:28:14 +0300"
Лукашенко считает слухи о поглощении Белоруссии Россией попыткой разругать страны,https://www.vedomosti.ru/politics/news/2023/02/25/964278-lukashenko-pogloschenii-popitkoi-razrugat,"Sat, 25 Feb 2023 14:11:12 +0300"
Welt am Sonntag узнала о планах ФРГ использовать трубы «Северного потока — 2»,https://www.vedomosti.ru/business/news/2023/02/25/964277-welt-sonntag,"Sat, 25 Feb 2023 13:48:12 +0300"
МИД Нидерландов объявил о санкциях ЕС против 121 физического и юрлица из РФ,https://www.vedomosti.ru/politics/news/2023/02/25/964276-mid-niderlandov,"Sat, 25 Feb 2023 13:12:07 +0300"
Попавшие под санкции банки предупредили о проблемах с UnionPay за рубежом,https://www.vedomosti.ru/finance/news/2023/02/25/964275-popavshie-pod-sanktsii,"Sat, 25 Feb 2023 12:44:33 +0300"
Суд освободил из-под стражи «скопинского маньяка» Мохова,https://www.vedomosti.ru/society/news/2023/02/25/964274-manyaka,"Sat, 25 Feb 2023 12:13:19 +0300"
Bild: Россия оставалась крупнейшим поставщиком угля в ФРГ в прошлом году,https://www.vedomosti.ru/economics/news/2023/02/25/964273-postavschikom-uglya,"Sat, 25 Feb 2023 11:57:13 +0300"
"На Камчатке произошло землетрясение магнитудой 6,1",https://www.vedomosti.ru/society/news/2023/02/25/964272-kamchatke,"Sat, 25 Feb 2023 11:27:48 +0300"
Трюдо объявил о новых санкциях Канады против российских граждан и компаний,https://www.vedomosti.ru/politics/news/2023/02/25/964271-tryudo,"Sat, 25 Feb 2023 11:06:25 +0300"
Антонов назвал решение о приостановке членства России в ФАТФ опасным шагом,https://www.vedomosti.ru/politics/news/2023/02/25/964269-antonov,"Sat, 25 Feb 2023 10:23:13 +0300"
Евросоюз согласовал десятый пакет санкций против России,https://www.vedomosti.ru/politics/news/2023/02/25/964268-evrosoyuz,"Sat, 25 Feb 2023 09:47:22 +0300"
Байден: Киев может вернуть Крым под свой контроль после переходного периода,https://www.vedomosti.ru/politics/news/2023/02/25/964267-baiden,"Sat, 25 Feb 2023 09:27:14 +0300"
Reuters: ЕС не успел согласовать санкции в отношении России к годовщине спецоперации,https://www.vedomosti.ru/politics/news/2023/02/24/964264-es-sanktsii-godovschine,"Fri, 24 Feb 2023 22:19:07 +0300"
КНР призвала Россию и Украину к переговорам без предусловий,https://www.vedomosti.ru/politics/news/2023/02/24/964263-rossiyu-ukrainu-peregovoram,"Fri, 24 Feb 2023 22:05:48 +0300"
Шольц и Макрон призвали Зеленского начать переговоры с Россией,https://www.vedomosti.ru/politics/news/2023/02/24/964261-sholts-i-makron-prizvali-zelenskogo,"Fri, 24 Feb 2023 21:38:27 +0300"
"Кадыров стал первым, кому присвоили звание Героя Чечни",https://www.vedomosti.ru/politics/news/2023/02/24/964262-kadirov-stal-pervim,"Fri, 24 Feb 2023 21:15:38 +0300"
В ОАЭ изучат варианты дальнейшей работы МТС-банка после введения санкций,https://www.vedomosti.ru/economics/news/2023/02/24/964259-oae-izuchat-varianti-raboti-mts,"Fri, 24 Feb 2023 20:49:13 +0300"
В Белом доме отметили устойчивость российской экономики к санкциям,https://www.vedomosti.ru/economics/news/2023/02/24/964260-v-belom-dome-otmetili-ustoichivost,"Fri, 24 Feb 2023 20:41:33 +0300"
Путин провел телефонные переговоры с Эрдоганом,https://www.vedomosti.ru/politics/news/2023/02/24/964256-putin-provel-peregovori,"Fri, 24 Feb 2023 20:21:41 +0300"
Захарова: Россия открыта к достижению целей спецоперации дипломатическим путем,https://www.vedomosti.ru/politics/news/2023/02/24/964257-rossiya-otkrita-k-dostizheniyu,"Fri, 24 Feb 2023 19:56:07 +0300"
Боррель назвал мирный план КНР «позиционным документом»,https://www.vedomosti.ru/politics/news/2023/02/24/964254-borrel-nazval-plan-knr-pozitsionnim,"Fri, 24 Feb 2023 19:36:59 +0300"
Прокуратура Владимира обратилась в суд с просьбой заблокировать YouTube,https://www.vedomosti.ru/media/news/2023/02/24/964253-prokuratura-obratilas-s-prosboi-zablokirovat-youtube,"Fri, 24 Feb 2023 18:49:56 +0300"
Белоруссия и КНР назвали безальтернативным мирное урегулирование на Украине,https://www.vedomosti.ru/politics/news/2023/02/24/964251-belorussiya-i-knr-nazvali-bezalternativnim,"Fri, 24 Feb 2023 18:23:17 +0300"
Ericsson сократит 8500 сотрудников по всему миру,https://www.vedomosti.ru/business/news/2023/02/24/964250-ericsson-sokratit-sotrudnikov,"Fri, 24 Feb 2023 18:05:44 +0300"
Путин предоставил гражданство РФ французскому журналисту Адриану Боке,https://www.vedomosti.ru/society/news/2023/02/24/964248-putin-predostavil-grazhdanstvo-zhurnalistu-boke,"Fri, 24 Feb 2023 17:46:46 +0300"
В «Росатоме» назвали британские санкции угрозой международной ядерной безопасности,https://www.vedomosti.ru/business/news/2023/02/24/964247-v-rosatome-nazvali-sanktsii-ugrozoi,"Fri, 24 Feb 2023 17:26:23 +0300"
Вашингтон анонсировал новые санкции против России,https://www.vedomosti.ru/politics/news/2023/02/24/964246-vashington-anonsiroval-sanktsii,"Fri, 24 Feb 2023 16:38:58 +0300"
Правительство Москвы выплатит материальную помощь пострадавшим от радиации,https://www.vedomosti.ru/politics/news/2023/02/24/964245-pravitelstvo-moskvi-viplatit-pomosch-postradavshim,"Fri, 24 Feb 2023 16:22:18 +0300"
ФАТФ приостановила членство России в организации,https://www.vedomosti.ru/finance/news/2023/02/24/964244-fatf-chlenstvo,"Fri, 24 Feb 2023 16:14:41 +0300"
Кравцов оценил влияние санкций на образование в России,https://www.vedomosti.ru/politics/news/2023/02/24/964243-kravtsov-otsenil-vliyanie-sanktsii,"Fri, 24 Feb 2023 16:02:41 +0300"
МИД России пообещал адекватно ответить на провокации Украины в Приднестровье,https://www.vedomosti.ru/politics/news/2023/02/24/964242-mid-rossii-poobeschal-otvetit,"Fri, 24 Feb 2023 15:35:33 +0300"
Курс доллара поднялся выше 76 рублей впервые с апреля,https://www.vedomosti.ru/economics/news/2023/02/24/964240-dollara-vishe-76,"Fri, 24 Feb 2023 15:27:13 +0300"
ГБР Украины провело обыски в принадлежащем президенту ЦСКА украинском банке,https://www.vedomosti.ru/politics/news/2023/02/24/964239-gbr-ukraini-provelo-obiski,"Fri, 24 Feb 2023 15:17:22 +0300"
Евросоюз изучит предложенный Китаем план урегулирования конфликта на Украине,https://www.vedomosti.ru/politics/news/2023/02/24/964237-evrosoyuz-izuchit-plan-po-ukraine,"Fri, 24 Feb 2023 15:07:25 +0300"
Попавшие под британские санкции банки сообщили о работе в штатном режиме,https://www.vedomosti.ru/business/news/2023/02/24/964238-popavshie-pod-sanktsii-banki,"Fri, 24 Feb 2023 14:59:29 +0300"
Слуцкий оценил мирный план Китая по Украине выше резолюции ООН,https://www.vedomosti.ru/politics/news/2023/02/24/964234-slutskii-otsenil-plan-kitaya,"Fri, 24 Feb 2023 14:42:15 +0300"
Голливуд снимет новые фильмы по вселенной «Властелин колец»,https://www.vedomosti.ru/media/news/2023/02/24/964235-snimet-filmi-kolets,"Fri, 24 Feb 2023 14:30:08 +0300"
Губернатор Куйвашев назвал «беспределом» вмешательство Пригожина в дела региона,https://www.vedomosti.ru/politics/news/2023/02/24/964231-kuivashev-nazval-bespredelom-prigozhina,"Fri, 24 Feb 2023 14:08:55 +0300"
"США повысят пошлины на ввоз металлов, минералов и химпродукции из РФ",https://www.vedomosti.ru/economics/news/2023/02/24/964229-ssha-povisyat-poshlini-na-vvoz,"Fri, 24 Feb 2023 13:53:17 +0300"
Пентагон раскрыл содержание нового пакета военной помощи Киеву на $2 млрд,https://www.vedomosti.ru/politics/news/2023/02/24/964230-pentagon-raskril-soderzhanie-paketa,"Fri, 24 Feb 2023 13:46:37 +0300"
Главу Белгородской области Гладкова госпитализировали с пищевым отравлением,https://www.vedomosti.ru/society/news/2023/02/24/964227-glavu-belgorodskoi-oblasti-gospitalizirovali,"Fri, 24 Feb 2023 13:20:46 +0300"
Польша может заблокировать новый пакет санкций ЕС против России,https://www.vedomosti.ru/politics/news/2023/02/24/964225-polsha-mozhet-zablokirovat-paket-sanktsii,"Fri, 24 Feb 2023 13:11:48 +0300"
Суд арестовал обвиняемого в поджоге общежития в центре Москвы,https://www.vedomosti.ru/society/news/2023/02/24/964226-sud-arestoval-obvinyaemogo,"Fri, 24 Feb 2023 12:55:34 +0300"
Очередь фур на въезд в ЕС из Белоруссии увеличилась в 10 раз,https://www.vedomosti.ru/economics/news/2023/02/24/964222-ochered-na-vezd-uvelichilas,"Fri, 24 Feb 2023 12:41:11 +0300"
"Мишустин расширил перечень IT-компаний, которые могут получить госаккредитацию",https://www.vedomosti.ru/business/news/2023/02/24/964224-mishustin-rasshiril-perechen-it-kompanii,"Fri, 24 Feb 2023 12:26:45 +0300"
Медведев призвал отодвинуть «границы угроз» России до Польши,https://www.vedomosti.ru/politics/news/2023/02/24/964221-medvedev-prizval-otodvinut-granitsi-ugroz,"Fri, 24 Feb 2023 12:00:32 +0300"
Британия ввела санкции против 92 физлиц и компаний из России,https://www.vedomosti.ru/politics/news/2023/02/24/964220-britaniya-vvela-sanktsii,"Fri, 24 Feb 2023 11:35:44 +0300"
Путин определил 40 кандидатов в новый состав Общественной палаты,https://www.vedomosti.ru/society/news/2023/02/24/964219-putin-utverdil-kandidatov-v-sostav-obschestvennoi-palati,"Fri, 24 Feb 2023 10:56:13 +0300"
"Инфляция в еврозоне замедлилась до 8,6% в январе",https://www.vedomosti.ru/finance/news/2023/02/24/964218-inflyatsiya-v-evrozone-zamedlilas,"Fri, 24 Feb 2023 10:29:15 +0300"
США выделят Украине новый пакет помощи на $2 млрд,https://www.vedomosti.ru/politics/news/2023/02/24/964216-ssha-videlyat-ukraine-novii-paket-pomoschi,"Fri, 24 Feb 2023 09:56:40 +0300"
Экс-премьер Великобритании Джонсон претендует на должность генсека НАТО,https://www.vedomosti.ru/politics/news/2023/02/23/964213-dzhonson-pretenduet-genseka-nato,"Thu, 23 Feb 2023 22:47:11 +0300"
Австралия включила в санкционный список 40 физлиц и 90 юрлиц из России,https://www.vedomosti.ru/politics/news/2023/02/23/964212-avstraliya-sanktsionnii-spisok,"Thu, 23 Feb 2023 22:09:16 +0300"
Нуланд: США включат в новый пакет антироссийских санкций китайские компании,https://www.vedomosti.ru/politics/news/2023/02/23/964210-ssha-sanktsii-kitaiskie-kompanii,"Thu, 23 Feb 2023 21:12:52 +0300"
Главред «Дождя» опроверг информацию о смене собственника телеканала,https://www.vedomosti.ru/business/news/2023/02/23/964209-dozhd-smene-sobstvennika,"Thu, 23 Feb 2023 20:50:58 +0300"
Страны ЕС снова не договорились о десятом пакете антироссийских санкций,https://www.vedomosti.ru/politics/news/2023/02/23/964208-es-ne-dogovorilis-sanktsii,"Thu, 23 Feb 2023 20:20:08 +0300"
Небензя заявил об отсутствии отношений России и ЕС,https://www.vedomosti.ru/politics/news/2023/02/23/964207-nebenzya-ob-otsutstvii-otnoshenii-rossii-i-es,"Thu, 23 Feb 2023 20:02:00 +0300"
Белгородский губернатор сообщил о погибшем при обстреле села,https://www.vedomosti.ru/society/news/2023/02/23/964206-belgorodskii-gubernator-soobschil-o-pogibshem,"Thu, 23 Feb 2023 19:45:31 +0300"
Байден выдвинул экс-главу Mastercard на пост президента Всемирного банка,https://www.vedomosti.ru/business/news/2023/02/23/964205-baiden-vidvinul-eks-glavu-mastercard-na-post-prezidenta,"Thu, 23 Feb 2023 19:19:50 +0300"
Российскую делегацию в Вене не допустили к памятнику советским воинам,https://www.vedomosti.ru/society/news/2023/02/23/964202-rossiiskuyu-delegatsiyu-v-vene-ne-dopustili-k-vozlozheniyu-tsvetov,"Thu, 23 Feb 2023 18:37:35 +0300"
"Шойгу заявил, что попытки Запада «расчленить» Россию обречены на провал",https://www.vedomosti.ru/politics/news/2023/02/23/964198-shoigu-zayavil-chto-popitki-zapada-raschlenit-rossiyu,"Thu, 23 Feb 2023 18:11:16 +0300"
СБУ сообщила об аресте имущества жены Медведчука на сумму более $152 млн,https://www.vedomosti.ru/politics/news/2023/02/23/964200-sbu-soobschila,"Thu, 23 Feb 2023 17:51:42 +0300"
ТАСС: при обстреле Донецка погибли четверо сотрудников скорой,https://www.vedomosti.ru/politics/news/2023/02/23/964197-donetska,"Thu, 23 Feb 2023 17:27:49 +0300"
Страны G7 договорились направить Украине $39 млрд до конца года,https://www.vedomosti.ru/politics/news/2023/02/23/964195-ministri,"Thu, 23 Feb 2023 17:05:45 +0300"
Нарусова не поддержала денонсацию конвенции СЕ о коррупции,https://www.vedomosti.ru/politics/news/2023/02/23/964194-narusova,"Thu, 23 Feb 2023 16:35:58 +0300"
Десять сотрудников МЧС пострадали при обстреле Донецка,https://www.vedomosti.ru/society/news/2023/02/23/964192-desyat-sotrudnikov-mchs-postradali-pri-obstrele,"Thu, 23 Feb 2023 16:22:12 +0300"
Верховная рада одобрила инициативу Зеленского о санкциях против банков РФ,https://www.vedomosti.ru/finance/news/2023/02/23/964193-verhovnaya-rada,"Thu, 23 Feb 2023 16:14:53 +0300"
Рубен Варданян освобожден от должности госминистра Нагорного Карабаха,https://www.vedomosti.ru/politics/news/2023/02/23/964190-ruben-vardanyan,"Thu, 23 Feb 2023 15:39:25 +0300"
В СИЗО покончил с собой обвиняемый в получении взяток бывший глава Котласа,https://www.vedomosti.ru/society/news/2023/02/23/964189-pokonchil-s-soboi,"Thu, 23 Feb 2023 15:28:55 +0300"
Лукашенко анонсировал выступление Си Цзиньпина по Украине,https://www.vedomosti.ru/politics/news/2023/02/23/964188-lukashenko-anonsiroval-vistuplenie-si-tszinpina-po-ukraine,"Thu, 23 Feb 2023 15:28:50 +0300"
В Казахстане сообщили о приеме нефти для транспортировки в Германию,https://www.vedomosti.ru/business/news/2023/02/23/964186-v-kazahstane-o-prieme-nefti-dlya-transportirovki,"Thu, 23 Feb 2023 15:27:01 +0300"
В Крыму взломали эфир двух радиостанций,https://www.vedomosti.ru/media/news/2023/02/23/964187-krimu-vzlomali,"Thu, 23 Feb 2023 15:10:36 +0300"
Немецкая Wintershall из-за диверсии на «Северных потоках» списала свою долю в проекте,https://www.vedomosti.ru/business/news/2023/02/23/964184-wintershall-spisala-dolyu,"Thu, 23 Feb 2023 14:54:08 +0300"
Глава ТПП призвал учитывать инвестиции в добровольных взносах бизнеса,https://www.vedomosti.ru/business/news/2023/02/23/964183-glava-tpp,"Thu, 23 Feb 2023 14:50:42 +0300"
Финляндия решила поставить Украине три танка Leopard 2,https://www.vedomosti.ru/politics/news/2023/02/23/964182-finlyandiya-reshila,"Thu, 23 Feb 2023 14:32:56 +0300"
Турчак: законопроект о статусе ветерана для военных Донбасса внесут 27 февраля,https://www.vedomosti.ru/society/news/2023/02/23/964181-turchak-zakonoproekt-o-statuse-veterana,"Thu, 23 Feb 2023 14:32:39 +0300"
Путин пошутил про длительность своего послания,https://www.vedomosti.ru/politics/news/2023/02/23/964180-putin-trudom-vislushal-poslanie,"Thu, 23 Feb 2023 14:16:05 +0300"
Курский губернатор сообщил об обстреле ВСУ двух приграничных сел,https://www.vedomosti.ru/politics/news/2023/02/23/964179-kurskii-gubernator,"Thu, 23 Feb 2023 14:03:30 +0300"
Путин пообещал распространить статус ветерана на военнослужащих Донбасса,https://www.vedomosti.ru/politics/news/2023/02/23/964177-putin-poobeschal-dat-status-veterana-uchastnikam-svo,"Thu, 23 Feb 2023 13:57:35 +0300"
Минфин США оценил реакцию экономики России на санкции,https://www.vedomosti.ru/economics/news/2023/02/23/964176-minfin-ssha,"Thu, 23 Feb 2023 13:27:20 +0300"
Путин рассказал о фонде поддержки семей погибших участников СВО,https://www.vedomosti.ru/politics/news/2023/02/23/964175-putin-fond,"Thu, 23 Feb 2023 13:16:48 +0300"
Sky News: Кулеба исключил удары западных истребителей по территории России,https://www.vedomosti.ru/politics/news/2023/02/23/964172-sky-news,"Thu, 23 Feb 2023 12:51:06 +0300"
В Польше прокуратура обвинила россиянина в шпионаже,https://www.vedomosti.ru/society/news/2023/02/23/964167-v-polshe-prokuratura-obvinila-rossiyanina-v-shpionazhe,"Thu, 23 Feb 2023 12:37:38 +0300"
ВЦИОМ: более 80% россиян положительно оценили послание Путина,https://www.vedomosti.ru/society/news/2023/02/23/964169-vtsiom,"Thu, 23 Feb 2023 12:29:43 +0300"
Хуснуллин сообщил о запуске движения по всем полосам Крымского моста,https://www.vedomosti.ru/politics/news/2023/02/23/964165-husnullin-soobschil,"Thu, 23 Feb 2023 11:44:55 +0300"
В Белгородской области упал самолет Минобороны,https://www.vedomosti.ru/society/news/2023/02/23/964164-belgorodskoi,"Thu, 23 Feb 2023 11:22:52 +0300"
Пригожин сообщил о начале отгрузки боеприпасов для бойцов ЧВК «Вагнер»,https://www.vedomosti.ru/politics/news/2023/02/23/964163-prigozhin,"Thu, 23 Feb 2023 11:14:58 +0300"
"В Таджикистане на границе с Китаем произошло землетрясение магнитудой 7,2",https://www.vedomosti.ru/society/news/2023/02/23/964162-tadzhikistane,"Thu, 23 Feb 2023 10:54:10 +0300"
Wirtualna Polska: полицейские Польши провели на Украине операцию по разминированию,https://www.vedomosti.ru/politics/news/2023/02/23/964159-wirtualna-polska,"Thu, 23 Feb 2023 10:24:11 +0300"
Минобороны заявило о подготовке Киевом вооруженной провокации в Приднестровье,https://www.vedomosti.ru/politics/news/2023/02/23/964158-minoboroni,"Thu, 23 Feb 2023 09:45:40 +0300"
Путин поздравил россиян с Днем защитника Отечества и заявил о развертывании «Сармата»,https://www.vedomosti.ru/politics/news/2023/02/23/964157-putin,"Thu, 23 Feb 2023 09:26:54 +0300"
Минобороны утвердило бесплатный проезд на общественном транспорте для добровольцев,https://www.vedomosti.ru/society/news/2023/02/22/964154-minoboroni-utverdilo-besplatnii-proezd,"Wed, 22 Feb 2023 22:44:55 +0300"
Басманный суд заочно рассмотрит уголовное дело писателя Глуховского,https://www.vedomosti.ru/society/news/2023/02/22/964155-basmannii-sud-zaochno,"Wed, 22 Feb 2023 22:22:57 +0300"
Минпромторг предложил запретить упрощенный ввоз машин из дружественных стран,https://www.vedomosti.ru/economics/news/2023/02/22/964153-minpromtorg-predlozhil-zapretit-uproschennii,"Wed, 22 Feb 2023 22:11:39 +0300"
"Табачная компания Philip Morris «скорее оставит» свой бизнес в России, чем продаст",https://www.vedomosti.ru/business/news/2023/02/22/964151-philip-morris-skoree-ostavit,"Wed, 22 Feb 2023 21:44:59 +0300"
Белоруссия предложила поправку в резолюцию ООН против поставок оружия Киеву,https://www.vedomosti.ru/politics/news/2023/02/22/964150-belorussiya-predlozhila-popravku,"Wed, 22 Feb 2023 21:31:11 +0300"
Суд ООН призвал Азербайджан разблокировать Лачинский коридор,https://www.vedomosti.ru/politics/news/2023/02/22/964147-sud-oon-prizval-azerbaidzhan,"Wed, 22 Feb 2023 21:11:06 +0300"
ВОЗ отметила сокращение заболеваемости COVID-19 в мире на 89%,https://www.vedomosti.ru/society/news/2023/02/22/964146-voz-otmetila-sokraschenie,"Wed, 22 Feb 2023 21:00:43 +0300"
МИД: Лавров и Ван И не обсуждали «китайский мирный план» урегулирования на Украине,https://www.vedomosti.ru/politics/news/2023/02/22/964143-lavrov-i-van-obsuzhdali,"Wed, 22 Feb 2023 20:50:58 +0300"
YouTube заблокировал канал Артемия Лебедева,https://www.vedomosti.ru/media/news/2023/02/22/964142-youtube-zablokiroval-lebedeva,"Wed, 22 Feb 2023 20:32:18 +0300"
Послы ЕС вновь не смогли согласовать десятый пакет санкций в отношении России,https://www.vedomosti.ru/politics/news/2023/02/22/964138-posli-es-ne-smogli,"Wed, 22 Feb 2023 19:58:53 +0300"
В митинге-концерте в Лужниках приняли участие более 200 000 человек,https://www.vedomosti.ru/society/news/2023/02/22/964134-v-mitinge-kontserte-prinyali,"Wed, 22 Feb 2023 19:40:25 +0300"
В Москве упростили выдачу льготных инвесткредитов для промпредприятий,https://www.vedomosti.ru/business/news/2023/02/22/964132-v-moskve-uprostili-vidachu,"Wed, 22 Feb 2023 19:15:47 +0300"
В Белоруссии могут создать реестр творческих работников,https://www.vedomosti.ru/media/news/2023/02/22/964130-v-belorussii-reestr,"Wed, 22 Feb 2023 18:46:51 +0300"
"Миронов предложит не выдвигать кандидата на выборы президента, а поддержать Путина",https://www.vedomosti.ru/politics/news/2023/02/22/964127-mironov-predlozhit-ne-vidvigat,"Wed, 22 Feb 2023 18:42:50 +0300"
Суд заочно арестовал двух бойцов «Азова» за пытки и убийства российских военных,https://www.vedomosti.ru/auto/news/2023/02/22/964116-sud-arestoval-azova,"Wed, 22 Feb 2023 18:16:50 +0300"
Международная федерация журналистов приостановила членство СЖР,https://www.vedomosti.ru/politics/news/2023/02/22/964122-mezhdunarodnaya-federatsiya,"Wed, 22 Feb 2023 18:09:40 +0300"
Ван И выразил признательность РФ за готовность к урегулированию украинского кризиса,https://www.vedomosti.ru/politics/news/2023/02/22/964115-van-i-virazil-priznatelnost-rossii,"Wed, 22 Feb 2023 18:06:25 +0300"
Встречу Путина с Гаглоевым отложили из-за COVID-19 у главы Южной Осетии,https://www.vedomosti.ru/politics/news/2023/02/22/964117-vstrechu-putina-s-gagloevim-otlozhili,"Wed, 22 Feb 2023 17:54:27 +0300"
Совфед поддержал закон об ограничении дисконта на Urals,https://www.vedomosti.ru/economics/news/2023/02/22/964112-sovfed-podderzhal-zakon,"Wed, 22 Feb 2023 17:38:03 +0300"
Байден назвал приостановку участия России в ДСНВ «большой ошибкой»,https://www.vedomosti.ru/politics/news/2023/02/22/964108-baiden-nazval-priostanovku-uchastiya-rossii-bolshoi-oshibkoi,"Wed, 22 Feb 2023 17:35:22 +0300"
Захарова назвала условие для скорейшего мира на Украине,https://www.vedomosti.ru/politics/news/2023/02/22/964105-zaharova-nazvala-uslovie,"Wed, 22 Feb 2023 17:27:31 +0300"
Совфед одобрил закон о прекращении действия договоров Совета Европы в России,https://www.vedomosti.ru/politics/news/2023/02/22/964110-sovfed-odobril-zakon-o-prekraschenii,"Wed, 22 Feb 2023 17:23:58 +0300"
Мишустин поручил скорректировать законодательство по высшему образованию,https://www.vedomosti.ru/society/news/2023/02/22/964096-mishustin-poruchil-skorrektirovat,"Wed, 22 Feb 2023 16:49:20 +0300"
Мишустин поручил в короткие сроки создать фонд поддержки ветеранов СВО,https://www.vedomosti.ru/society/news/2023/02/22/964089-mishustin-poruchil-sroki,"Wed, 22 Feb 2023 16:31:17 +0300"
Reuters: Индия выступает против обсуждения антироссийских санкций на встречах G20,https://www.vedomosti.ru/politics/news/2023/02/22/964090-indiya-vistupaet-protiv-sanktsii,"Wed, 22 Feb 2023 16:27:36 +0300"
Whoosh начнет работать в 10 новых локациях в России и СНГ,https://www.vedomosti.ru/business/news/2023/02/22/964086-whoosh-nachnet-rabotat-esche-v-10-lokatsiyah,"Wed, 22 Feb 2023 16:18:18 +0300"
Bloomberg узнал о планах McKinsey уволить 2000 сотрудников,https://www.vedomosti.ru/business/news/2023/02/22/964087-bloomberg-o-planah-mckinsey-uvolit-2000-sotrudnikov,"Wed, 22 Feb 2023 15:56:16 +0300"
Совфед одобрил закон о приостановке участия России в договоре о ядерном оружии,https://www.vedomosti.ru/politics/news/2023/02/22/964085-sovet-federatsii-zakon-priostanovke,"Wed, 22 Feb 2023 15:47:10 +0300"
Нотариусы предоставили беженцам и участникам спецоперации льгот на 300 млн рублей,https://www.vedomosti.ru/society/news/2023/02/22/964082-notariusi-predostavili-bezhentsam-lgot,"Wed, 22 Feb 2023 15:46:49 +0300"
Матвиенко заявила об отсутствии необходимости менять политическую конструкцию России,https://www.vedomosti.ru/politics/news/2023/02/22/964081-matvienko-politicheskuyu-konstruktsiyu-rossii,"Wed, 22 Feb 2023 15:39:34 +0300"
Пасечник назвал тяжелой ситуацию под Кременной,https://www.vedomosti.ru/politics/news/2023/02/22/964080-pasechnik-nazval-tyazheloi-situatsiyu-pod-kremennoi,"Wed, 22 Feb 2023 15:30:23 +0300"
В Крыму сообщили о поддержке Путиным фортификационной линии в республике,https://www.vedomosti.ru/politics/news/2023/02/22/964079-aksenov-fortifikatsionnoi-linii,"Wed, 22 Feb 2023 15:27:00 +0300"
Госдума рекомендовала Минцифры проработать запрет удаленки для уехавших айтишников,https://www.vedomosti.ru/society/news/2023/02/22/964075-gosduma-rekomendovala-prorabotat-zapret,"Wed, 22 Feb 2023 15:02:08 +0300"
ФСБ пресекла диверсию на участке железной дороги в Югре,https://www.vedomosti.ru/politics/news/2023/02/22/964072-fsb-presekla-diversiyu-na-uchastke-zheleznoi-dorogi,"Wed, 22 Feb 2023 14:57:57 +0300"
Потери Heineken в результате ухода из России составят около 300 млн евро,https://www.vedomosti.ru/business/news/2023/02/22/964069-poteri-heineken-v-rezultate-uhoda,"Wed, 22 Feb 2023 14:46:37 +0300"
Минобороны пообещало соблюдать ограничения договора о ядерных ракетах,https://www.vedomosti.ru/politics/news/2023/02/22/964062-minoboroni-poobeschalo-soblyudat,"Wed, 22 Feb 2023 14:35:13 +0300"
Путин на встрече с Ван И назвал Си Цзиньпина своим другом,https://www.vedomosti.ru/politics/news/2023/02/22/964067-putin-nazval-si-drugom,"Wed, 22 Feb 2023 14:30:44 +0300"
В Албании задержали танкер по подозрению в перевозке российской нефти,https://www.vedomosti.ru/politics/news/2023/02/22/964065-v-albanii-zaderzhali-tanker,"Wed, 22 Feb 2023 14:24:57 +0300"
В МИДе призвали не верить вбросам CNN о якобы неудачном испытании ракеты «Сармат»,https://www.vedomosti.ru/politics/news/2023/02/22/964058-v-mide-prizvali-ne-verit-cnn,"Wed, 22 Feb 2023 14:24:09 +0300"
Ученик убил учительницу испанского в школе во Франции,https://www.vedomosti.ru/society/news/2023/02/22/964060-uchenik-ubil-uchitelnitsu,"Wed, 22 Feb 2023 14:17:26 +0300"
РКН объяснил блокировку сайта премии «Редколлегия»,https://www.vedomosti.ru/society/news/2023/02/22/964061-rkn-obyasnil-blokirovku-redkollegiya,"Wed, 22 Feb 2023 14:10:45 +0300"
В МИДе заявили о шансе возрождения договора о ядерных ракетах в прежнем виде,https://www.vedomosti.ru/politics/news/2023/02/22/964052-v-mide-zayavili-o-shanse-vozrozhdeniya-dsnv,"Wed, 22 Feb 2023 13:55:32 +0300"
Минобороны: ВСУ потеряли до 250 военных за сутки на донецком направлении,https://www.vedomosti.ru/politics/news/2023/02/22/964051-minoboroni-vsu-poteryali-do-250-voennih,"Wed, 22 Feb 2023 13:44:12 +0300"
Дума приняла закон о сохранении повышенной пенсии военным пенсионерам,https://www.vedomosti.ru/society/news/2023/02/22/964037-duma-prinyala-zakon-o-povishennoi-pensii,"Wed, 22 Feb 2023 13:31:07 +0300"
Один человек пострадал при обстреле Белгородской области,https://www.vedomosti.ru/society/news/2023/02/22/964043-odin-chelovek-postradal-pri-obstrele-belgorodskoi,"Wed, 22 Feb 2023 13:25:24 +0300"
СК: два человека погибли при взрыве газа на месторождении в ЯНАО,https://www.vedomosti.ru/society/news/2023/02/22/964041-sk-dva-cheloveka-pogibli-pri-vzrive-gaza,"Wed, 22 Feb 2023 13:17:43 +0300"
В ДНР предупредили об исчезновении безопасных мест в Донбассе при поставке Киеву JDAM-ER,https://www.vedomosti.ru/politics/news/2023/02/22/964033-v-dnr-predupredili-ob-ischeznovenii-bezopasnih-mest-v-donbasse,"Wed, 22 Feb 2023 13:11:28 +0300"
Песков отказался комментировать сообщения СМИ об испытаниях ракеты «Сармат»,https://www.vedomosti.ru/politics/news/2023/02/22/964034-peskov-soobscheniya-vozmozhnih-ispitaniyah-raketi-sarmat,"Wed, 22 Feb 2023 13:04:06 +0300"
Песков: Россия видит нежелание Запада прозрачно расследовать дело о «Северных потоках»,https://www.vedomosti.ru/politics/news/2023/02/22/964031-peskov-rossiya-vidit-nezhelanie-zapada-prozrachno-rassledovat,"Wed, 22 Feb 2023 13:02:15 +0300"
Песков назвал условие для возобновления участия России в договоре о ядерном оружии,https://www.vedomosti.ru/politics/news/2023/02/22/964032-peskov-nazval-uslovie-dlya-vozobnovleniya-uchastiya-rossii-v-dogovore,"Wed, 22 Feb 2023 12:59:20 +0300"
КТК приостановил прием казахстанской нефти из-за затоваривания,https://www.vedomosti.ru/business/news/2023/02/22/964029-ktk-priostanovil-priem-kazahstanskoi-nefti,"Wed, 22 Feb 2023 12:53:09 +0300"
Песков не стал комментировать заявление Пригожина о нехватке боеприпасов,https://www.vedomosti.ru/politics/news/2023/02/22/964027-peskov-prigozhina-boepripasov,"Wed, 22 Feb 2023 12:51:40 +0300"
Песков назвал «консолидированной» реакцию Запада на приостановку ДСНВ,https://www.vedomosti.ru/politics/news/2023/02/22/964025-peskov-nazval-konsolidirovannoi-reaktsiyu-zapada,"Wed, 22 Feb 2023 12:47:07 +0300"
РКН ограничил доступ к сайту премии «Редколлегия»,https://www.vedomosti.ru/society/news/2023/02/22/964024-rkn-ogranichil-dostup-k-saitu-premii-redkollegiya,"Wed, 22 Feb 2023 12:43:29 +0300"
«Мосфильм» закроет лабораторию по обработке кинопленки из-за нерентабельности,https://www.vedomosti.ru/business/news/2023/02/22/964023-mosfilm-laboratoriyu-obrabotke-kinoplenki,"Wed, 22 Feb 2023 12:36:18 +0300"
Госдума отменила штрафы за превышение габаритов транспорта до 10 см,https://www.vedomosti.ru/economics/news/2023/02/22/964015-gosduma-otmenila-shtrafi-za-previshenie-gabaritov-transporta,"Wed, 22 Feb 2023 12:31:59 +0300"
В Кремле анонсировали встречу Путина с Ван И,https://www.vedomosti.ru/politics/news/2023/02/22/964020-v-kremle-anonsirovali-vstrechu-putina-s-van-i,"Wed, 22 Feb 2023 12:30:43 +0300"
Умер заслуженный артист РСФСР Борис Чунаев,https://www.vedomosti.ru/society/news/2023/02/22/964016-umer-zasluzhennii-artist-rsfsr-boris-chunaev,"Wed, 22 Feb 2023 12:26:16 +0300"
Кабмин упростил выдачу аптекам разрешений на дистанционную продажу лекарств,https://www.vedomosti.ru/business/news/2023/02/22/964017-kabmin-uprostil-vidachu-aptekam-razreshenii,"Wed, 22 Feb 2023 12:23:14 +0300"
Госдума приняла закон о приостановке участия России в договоре о ядерном оружии,https://www.vedomosti.ru/politics/news/2023/02/22/964012-gosduma-prinyala-zakon-o-priostanovke-dsnv,"Wed, 22 Feb 2023 11:56:06 +0300"
Прокурор попросил 10 лет колонии для экс-начальника ФТС Александра Кизлыка,https://www.vedomosti.ru/society/news/2023/02/22/964003-prokuror-poprosil-10-let-kolonii-dlya-eks-glavi-doznaniya,"Wed, 22 Feb 2023 11:54:36 +0300"
"Ван И заявил, что Китай будет проводить независимую внешнюю политику",https://www.vedomosti.ru/politics/news/2023/02/22/964011-van-i-kitai,"Wed, 22 Feb 2023 11:49:11 +0300"
СК назвал поджог причиной пожара в отеле в Москве,https://www.vedomosti.ru/society/news/2023/02/22/964009-sk-nazval-podzhog-prichinoi-pozhara,"Wed, 22 Feb 2023 11:43:02 +0300"
В «Роскосмосе» заявили о рисках размещения космонавтов на Crew Dragon,https://www.vedomosti.ru/technology/news/2023/02/22/964007-roskosmose-razmescheniya-kosmonavtov-crew-dragon,"Wed, 22 Feb 2023 11:41:29 +0300"
Больше 60% японских компаний приостановили работу в России,https://www.vedomosti.ru/business/news/2023/02/22/964004-bolshe-60-yaponskih-kompanii-priostanovili-rabotu,"Wed, 22 Feb 2023 11:32:51 +0300"
ФСБ сообщила о задержании пятерых сборщиков средств для террористов в Сирии,https://www.vedomosti.ru/society/news/2023/02/22/964002-fsb-zaderzhanii-sredstv-terroristov,"Wed, 22 Feb 2023 11:09:41 +0300"
В Совфеде поддержали приостановку участия России в ДСНВ,https://www.vedomosti.ru/politics/news/2023/02/22/963989-sovfede-podderzhali-priostanovku-uchastiya-rossii-v-dsnv,"Wed, 22 Feb 2023 11:04:38 +0300"
«Авито Недвижимость»: спрос на новостройки в начале года уменьшился на 36%,https://www.vedomosti.ru/realty/news/2023/02/22/963986-spros-na-novostroiki-v-nachale-goda-umenshilsya,"Wed, 22 Feb 2023 10:51:21 +0300"
В Госдуме предложили наладить массовое восстановление б/у запчастей,https://www.vedomosti.ru/business/news/2023/02/22/963984-gosdume-naladit-massovoe-vosstanovlenie-zapchastei,"Wed, 22 Feb 2023 10:48:33 +0300"
В Кабардино-Балкарии задержали причастных к торговле людьми,https://www.vedomosti.ru/society/news/2023/02/22/963978-v-kabardino-balkarii-zaderzhali-prichastnih-k-torgovle-lyudmi,"Wed, 22 Feb 2023 10:37:48 +0300"
Российские вузы разработают образовательные программы на 4-6 лет,https://www.vedomosti.ru/society/news/2023/02/22/963979-rossiiskie-vuzi-razrabotayut-obrazovatelnie-programmi,"Wed, 22 Feb 2023 10:35:41 +0300"
